{"stats":{"minecraft:killed":{"jujutsucraft:mimiko":1,"jujutsucraft:cursed_spirit_grade_32":11,"jujutsucraft:transfigured_human_3":1,"jujutsucraft:cursed_spirit_grade_33":23,"jujutsucraft:inumaki_toge":2,"jujutsucraft:cursed_spirit_grade_31":3,"jujutsucraft:cursed_spirit_grade_24":1,"jujutsucraft:earthen_insect_trance":2,"jujutsucraft:cursed_spirit_grade_35":2,"jujutsucraft:yoshino_junpei":1,"jujutsucraft:cursed_spirit_grade_318":6,"jujutsucraft:cursed_spirit_grade_316":2,"jujutsucraft:cursed_spirit_grade_26":2,"jujutsucraft:kumiya_juzo":1,"jujutsucraft:cursed_spirit_grade_22":1,"jujutsucraft:cursed_spirit_grade_03":1,"jujutsucraft:cursed_spirit_grade_39":11,"jujutsucraft:cursed_spirit_grade_312":2,"jujutsucraft:cursed_spirit_grade_313":1,"minecraft:chicken":5,"jujutsucraft:rozetsu_shikigami":1,"jujutsucraft:cursed_spirit_grade_08":1,"jujutsucraft:cursed_spirit_grade_23":1,"jujutsucraft:cursed_spirit_grade_317":11,"jujutsucraft:cockroach_larva":1,"jujutsucraft:cursed_spirit_grade_38":5,"jujutsucraft:cursed_spirit_grade_34":20,"jujutsucraft:higuruma_hiromi":1,"jujutsucraft:cursed_spirit_grade_210":1,"jujutsucraft:ice_spear_2":6,"minecraft:salmon":15,"jujutsucraft:awasaka_jiro":1,"minecraft:bat":5,"jujutsucraft:zenin_maki":1,"jujutsucraft:red":1,"jujutsucraft:curse_user_1":2,"minecraft:squid":4,"minecraft:sheep":4,"minecraft:pillager":4,"jujutsucraft:cursed_spirit_grade_314":13,"jujutsucraft:cockroaches":3,"jujutsucraft:cursed_spirit_grade_311":4,"jujutsucraft:cursed_spirit_grade_310":5,"jujutsucraft:cursed_spirit_grade_36":2,"jujutsucraft:cursed_spirit_grade_315":8,"jujutsucraft:cursed_spirit_grade_319":11,"jujutsucraft:ice_spear":8,"jujutsucraft:q":1,"minecraft:cow":2,"jujutsucraft:ogami":1},"minecraft:picked_up":{"jujutsucraft:blindfold_bandage_helmet":1,"minecraft:chicken":1,"jujutsucraft:uniform_normal_boots":1,"jujutsucraft:cursed_technique_changer":1,"minecraft:cracked_stone_bricks":1,"minecraft:stick":2,"minecraft:stone":7,"minecraft:acacia_log":6,"minecraft:spruce_fence":1,"minecraft:vine":2,"jujutsucraft:naginata":1,"minecraft:mutton":9,"minecraft:white_wool":2,"minecraft:iron_door":2,"minecraft:feather":2,"jujutsucraft:uniform_gojo_boots":1,"minecraft:andesite":1,"minecraft:acacia_leaves":1,"jujutsucraft:inverted_spear_of_heaven":1,"minecraft:dirt":52,"jujutsucraft:uniform_normal_leggings":1,"jujutsucraft:weapon_nanami":2,"jujutsucraft:cursed_technique_starter":2,"minecraft:acacia_planks":1,"minecraft:wheat_seeds":7,"minecraft:tall_grass":2,"jujutsucraft:uniform_normal_chestplate":1,"jujutsucraft:uniform_gojo_chestplate":1,"minecraft:grass_block":4,"minecraft:grass":4,"minecraft:oak_sapling":1,"minecraft:black_wool":1,"minecraft:oak_leaves":1},"minecraft:used":{"jujutsucraft:mei_mei_axe":3,"minecraft:stone":6,"minecraft:grass":1,"minecraft:dirt":7,"jujutsucraft:sukuna_finger":8,"jujutsucraft:mahoraga_body_helmet":1,"minecraft:spruce_fence":1,"minecraft:grass_block":2,"minecraft:acacia_planks":25,"jujutsucraft:uniform_okkotsu_chestplate":1,"jujutsucraft:uniform_normal_boots":2,"minecraft:white_wool":2,"minecraft:oak_leaves":1,"minecraft:cracked_stone_bricks":1,"minecraft:vine":1,"minecraft:acacia_leaves":1,"jujutsucraft:uniform_normal_chestplate":2,"minecraft:black_wool":1,"jujutsucraft:stevenson_screen_spawn_egg":1,"minecraft:iron_door":1,"jujutsucraft:dragon_bone":9,"jujutsucraft:clothes_zenin_leggings":1,"jujutsucraft:uniform_normal_leggings":2,"jujutsucraft:sukuna_spawn_egg":1,"jujutsucraft:mahoraga_wheel_helmet":1,"jujutsucraft:sukuna_fushiguro_spawn_egg":4},"minecraft:dropped":{"jujutsucraft:cursed_technique_starter":3,"minecraft:vine":1,"minecraft:wheat_seeds":7,"minecraft:feather":2,"minecraft:grass_block":2,"minecraft:stick":2,"minecraft:dirt":9,"minecraft:grass":3,"minecraft:mutton":9,"minecraft:iron_door":1,"jujutsucraft:mei_mei_axe":1,"jujutsucraft:clothes_nanami_chestplate":1,"jujutsucraft:weapon_nanami":3,"jujutsucraft:uniform_gojo_boots":2,"jujutsucraft:uniform_gojo_leggings":1,"jujutsucraft:cursed_technique_changer":129,"minecraft:tall_grass":2,"minecraft:chicken":1,"jujutsucraft:blindfold_bandage_helmet":2,"jujutsucraft:clothes_fushiguro_toji_chestplate":2,"jujutsucraft:copied_cursed_technique":2,"jujutsucraft:clothes_fushiguro_toji_leggings":2,"minecraft:oak_sapling":1,"jujutsucraft:uniform_gojo_chestplate":2},"minecraft:mined":{"minecraft:acacia_log":6,"minecraft:grass_block":2,"minecraft:decorated_pot":1,"minecraft:acacia_leaves":1,"minecraft:tall_grass":2,"minecraft:grass":41,"minecraft:oak_leaves":1},"minecraft:custom":{"minecraft:interact_with_smithing_table":1,"minecraft:mob_kills":255,"minecraft:interact_with_anvil":1,"minecraft:interact_with_crafting_table":1,"minecraft:open_barrel":12,"minecraft:damage_dealt_resisted":65178,"minecraft:leave_game":5,"minecraft:time_since_death":0,"minecraft:climb_one_cm":273,"minecraft:damage_resisted":66938,"minecraft:sprint_one_cm":226678,"minecraft:walk_one_cm":560055,"minecraft:drop":61,"minecraft:play_time":147159,"minecraft:deaths":99,"minecraft:sneak_time":1020,"minecraft:walk_under_water_one_cm":2760,"minecraft:jump":2313,"minecraft:walk_on_water_one_cm":20523,"minecraft:total_world_time":147159,"minecraft:interact_with_stonecutter":1,"minecraft:time_since_rest":137,"minecraft:damage_taken":43715,"minecraft:damage_dealt":2915,"minecraft:swim_one_cm":17058,"minecraft:fly_one_cm":2557791,"minecraft:player_kills":22,"minecraft:open_chest":4,"minecraft:crouch_one_cm":1865,"minecraft:fall_one_cm":181809},"minecraft:crafted":{"minecraft:acacia_planks":24},"minecraft:killed_by":{"jujutsucraft:cursed_spirit_grade_25":4,"jujutsucraft:cursed_spirit_grade_01":2,"jujutsucraft:cursed_spirit_grade_36":1,"jujutsucraft:cursed_spirit_grade_38":1,"jujutsucraft:cursed_spirit_grade_35":1,"minecraft:player":13,"jujutsucraft:cursed_spirit_grade_312":1,"jujutsucraft:cursed_spirit_grade_05":8,"jujutsucraft:cursed_spirit_grade_12":2,"jujutsucraft:cursed_spirit_grade_31":1,"jujutsucraft:cursed_spirit_grade_33":2,"jujutsucraft:cursed_spirit_grade_22":7,"minecraft:pillager":1,"jujutsucraft:zenin_naoya_cursed_spirit_3":1,"jujutsucraft:curse_user_1":1,"jujutsucraft:uzumaki":1,"jujutsucraft:yoshino_junpei":5,"jujutsucraft:sukuna":1,"jujutsucraft:eso":8,"jujutsucraft:cursed_spirit_grade_04":5,"jujutsucraft:cursed_spirit_grade_34":1,"jujutsucraft:zenin_maki":1,"jujutsucraft:sukuna_fushiguro":6,"jujutsucraft:kechizu":1,"jujutsucraft:sukuna_perfect":2,"jujutsucraft:negi_toshihisa":2,"jujutsucraft:kumiya_juzo":1,"jujutsucraft:uraume":1,"jujutsucraft:cursed_spirit_grade_317":1,"jujutsucraft:itadori_yuji_shibuya":1,"jujutsucraft:cursed_spirit_grade_32":1}},"DataVersion":3465}