{"stats":{"minecraft:picked_up":{"minecraft:feather":2,"minecraft:chicken":1,"jujutsucraft:uniform_normal_boots":1,"minecraft:acacia_log":6,"jujutsucraft:cursed_technique_changer":1,"jujutsucraft:uniform_normal_chestplate":1,"minecraft:grass_block":1,"minecraft:dirt":3,"jujutsucraft:uniform_normal_leggings":1,"minecraft:acacia_planks":1,"minecraft:wheat_seeds":7,"minecraft:grass":2,"minecraft:tall_grass":1,"minecraft:oak_sapling":1,"minecraft:black_wool":1,"minecraft:mutton":9,"minecraft:white_wool":2},"minecraft:killed":{"minecraft:sheep":3,"jujutsucraft:cursed_spirit_grade_32":2,"jujutsucraft:cursed_spirit_grade_39":3,"minecraft:pillager":4,"jujutsucraft:cursed_spirit_grade_33":6,"jujutsucraft:cursed_spirit_grade_314":1,"minecraft:chicken":5,"minecraft:salmon":11,"jujutsucraft:cursed_spirit_grade_35":2,"jujutsucraft:cursed_spirit_grade_317":2,"jujutsucraft:cursed_spirit_grade_318":4,"jujutsucraft:cursed_spirit_grade_315":2,"jujutsucraft:cursed_spirit_grade_38":2,"jujutsucraft:cursed_spirit_grade_34":4,"jujutsucraft:cursed_spirit_grade_319":1,"minecraft:cow":2},"minecraft:used":{"jujutsucraft:mei_mei_axe":1,"minecraft:black_wool":1,"minecraft:grass_block":1,"jujutsucraft:uniform_normal_boots":2,"minecraft:white_wool":2,"minecraft:dirt":3,"jujutsucraft:uniform_normal_leggings":2,"minecraft:acacia_planks":25,"jujutsucraft:uniform_normal_chestplate":2},"minecraft:dropped":{"minecraft:grass":2,"minecraft:wheat_seeds":7,"minecraft:mutton":9,"minecraft:oak_sapling":1,"minecraft:chicken":1,"minecraft:tall_grass":1,"minecraft:feather":2},"minecraft:mined":{"minecraft:grass":32,"minecraft:acacia_log":6,"minecraft:grass_block":2,"minecraft:tall_grass":1},"minecraft:custom":{"minecraft:time_since_rest":867,"minecraft:sprint_one_cm":52059,"minecraft:damage_taken":13628,"minecraft:walk_one_cm":187070,"minecraft:mob_kills":65,"minecraft:drop":20,"minecraft:damage_dealt":498,"minecraft:open_chest":1,"minecraft:swim_one_cm":4486,"minecraft:player_kills":5,"minecraft:fly_one_cm":1083891,"minecraft:crouch_one_cm":596,"minecraft:play_time":49097,"minecraft:deaths":39,"minecraft:sneak_time":495,"minecraft:walk_under_water_one_cm":1330,"minecraft:damage_dealt_resisted":6157,"minecraft:jump":903,"minecraft:leave_game":1,"minecraft:time_since_death":820,"minecraft:walk_on_water_one_cm":4709,"minecraft:total_world_time":49097,"minecraft:fall_one_cm":28130},"minecraft:crafted":{"minecraft:acacia_planks":24},"minecraft:killed_by":{"jujutsucraft:zenin_maki":1,"jujutsucraft:cursed_spirit_grade_25":4,"jujutsucraft:curse_user_1":1,"jujutsucraft:cursed_spirit_grade_38":1,"jujutsucraft:cursed_spirit_grade_36":1,"jujutsucraft:cursed_spirit_grade_35":1,"minecraft:player":2,"jujutsucraft:negi_toshihisa":2,"jujutsucraft:cursed_spirit_grade_317":1,"jujutsucraft:cursed_spirit_grade_12":2,"jujutsucraft:cursed_spirit_grade_05":8,"jujutsucraft:cursed_spirit_grade_31":1,"jujutsucraft:cursed_spirit_grade_32":1,"jujutsucraft:cursed_spirit_grade_34":1,"jujutsucraft:cursed_spirit_grade_22":5,"minecraft:pillager":1}},"DataVersion":3465}