{"stats":{"minecraft:killed":{"jujutsucraft:cursed_spirit_grade_314":1,"jujutsucraft:cursed_spirit_grade_33":1,"jujutsucraft:cursed_spirit_grade_34":2,"minecraft:chicken":2},"minecraft:picked_up":{"jujutsucraft:uniform_normal_leggings":1,"minecraft:acacia_log":2,"jujutsucraft:uniform_normal_boots":1,"minecraft:wheat_seeds":7,"jujutsucraft:cursed_technique_changer":1,"jujutsucraft:uniform_normal_chestplate":1,"minecraft:tall_grass":1},"minecraft:used":{"jujutsucraft:uniform_normal_leggings":2,"jujutsucraft:uniform_normal_boots":2,"minecraft:acacia_planks":8,"jujutsucraft:uniform_normal_chestplate":2},"minecraft:dropped":{"minecraft:tall_grass":1,"minecraft:wheat_seeds":7},"minecraft:mined":{"minecraft:grass":26,"minecraft:acacia_log":2,"minecraft:tall_grass":1},"minecraft:custom":{"minecraft:time_since_rest":1469,"minecraft:crouch_one_cm":204,"minecraft:play_time":13098,"minecraft:sprint_one_cm":8849,"minecraft:walk_one_cm":24082,"minecraft:damage_taken":1131,"minecraft:deaths":2,"minecraft:sneak_time":176,"minecraft:mob_kills":6,"minecraft:drop":8,"minecraft:damage_dealt_resisted":480,"minecraft:jump":163,"minecraft:damage_dealt":200,"minecraft:time_since_death":915,"minecraft:total_world_time":13098,"minecraft:fall_one_cm":5804,"minecraft:fly_one_cm":148530},"minecraft:crafted":{"minecraft:acacia_planks":8},"minecraft:killed_by":{"jujutsucraft:cursed_spirit_grade_34":1}},"DataVersion":3465}