{"stats":{"minecraft:picked_up":{"minecraft:acacia_leaves":1,"minecraft:feather":2,"minecraft:chicken":1,"minecraft:iron_door":2,"jujutsucraft:uniform_normal_boots":1,"jujutsucraft:cursed_technique_changer":1,"jujutsucraft:inverted_spear_of_heaven":1,"minecraft:dirt":16,"jujutsucraft:uniform_normal_leggings":1,"minecraft:acacia_planks":1,"minecraft:cracked_stone_bricks":1,"minecraft:wheat_seeds":7,"minecraft:tall_grass":2,"minecraft:stick":2,"minecraft:stone":3,"minecraft:acacia_log":6,"minecraft:spruce_fence":1,"jujutsucraft:uniform_normal_chestplate":1,"minecraft:vine":2,"minecraft:grass_block":2,"jujutsucraft:naginata":1,"minecraft:grass":4,"minecraft:oak_sapling":1,"minecraft:black_wool":1,"minecraft:mutton":9,"minecraft:oak_leaves":1,"minecraft:white_wool":2},"minecraft:killed":{"jujutsucraft:cursed_spirit_grade_32":7,"jujutsucraft:cursed_spirit_grade_31":1,"jujutsucraft:cursed_spirit_grade_33":16,"minecraft:salmon":15,"jujutsucraft:cursed_spirit_grade_35":2,"jujutsucraft:yoshino_junpei":1,"jujutsucraft:cursed_spirit_grade_318":6,"jujutsucraft:cursed_spirit_grade_316":1,"jujutsucraft:curse_user_1":1,"minecraft:squid":4,"minecraft:sheep":4,"jujutsucraft:cursed_spirit_grade_39":9,"minecraft:pillager":4,"jujutsucraft:cursed_spirit_grade_312":2,"jujutsucraft:cursed_spirit_grade_314":7,"jujutsucraft:cursed_spirit_grade_311":3,"jujutsucraft:cursed_spirit_grade_310":2,"minecraft:chicken":5,"jujutsucraft:cursed_spirit_grade_36":2,"jujutsucraft:cursed_spirit_grade_315":3,"jujutsucraft:cursed_spirit_grade_317":8,"jujutsucraft:cursed_spirit_grade_38":4,"jujutsucraft:cursed_spirit_grade_34":18,"jujutsucraft:cursed_spirit_grade_319":7,"jujutsucraft:higuruma_hiromi":1,"jujutsucraft:q":1,"minecraft:cow":2,"jujutsucraft:ogami":1},"minecraft:used":{"jujutsucraft:mei_mei_axe":3,"jujutsucraft:uniform_normal_boots":2,"minecraft:stone":3,"minecraft:grass":1,"minecraft:oak_leaves":1,"minecraft:cracked_stone_bricks":1,"minecraft:white_wool":2,"jujutsucraft:sukuna_finger":8,"minecraft:dirt":7,"minecraft:vine":1,"minecraft:acacia_leaves":1,"minecraft:spruce_fence":1,"jujutsucraft:uniform_normal_chestplate":2,"minecraft:black_wool":1,"minecraft:grass_block":2,"minecraft:iron_door":1,"jujutsucraft:dragon_bone":9,"jujutsucraft:uniform_normal_leggings":2,"minecraft:acacia_planks":25},"minecraft:dropped":{"minecraft:vine":1,"minecraft:wheat_seeds":7,"jujutsucraft:cursed_technique_changer":1,"minecraft:feather":2,"minecraft:tall_grass":2,"minecraft:chicken":1,"minecraft:stick":2,"minecraft:dirt":9,"minecraft:grass":3,"minecraft:mutton":9,"minecraft:iron_door":1,"minecraft:oak_sapling":1,"jujutsucraft:mei_mei_axe":1},"minecraft:mined":{"minecraft:acacia_leaves":1,"minecraft:acacia_log":6,"minecraft:grass_block":2,"minecraft:decorated_pot":1,"minecraft:tall_grass":2,"minecraft:grass":41,"minecraft:oak_leaves":1},"minecraft:custom":{"minecraft:interact_with_smithing_table":1,"minecraft:interact_with_anvil":1,"minecraft:mob_kills":162,"minecraft:interact_with_crafting_table":1,"minecraft:open_barrel":12,"minecraft:damage_dealt_resisted":16921,"minecraft:interact_with_stonecutter":1,"minecraft:leave_game":1,"minecraft:time_since_death":6031,"minecraft:climb_one_cm":273,"minecraft:damage_resisted":3992,"minecraft:time_since_rest":6060,"minecraft:sprint_one_cm":125790,"minecraft:damage_taken":26817,"minecraft:walk_one_cm":371231,"minecraft:drop":37,"minecraft:damage_dealt":903,"minecraft:swim_one_cm":17058,"minecraft:fly_one_cm":1951455,"minecraft:player_kills":10,"minecraft:open_chest":4,"minecraft:crouch_one_cm":1707,"minecraft:play_time":97097,"minecraft:deaths":79,"minecraft:sneak_time":944,"minecraft:walk_under_water_one_cm":2760,"minecraft:jump":1561,"minecraft:walk_on_water_one_cm":20523,"minecraft:total_world_time":97097,"minecraft:fall_one_cm":74586},"minecraft:crafted":{"minecraft:acacia_planks":24},"minecraft:killed_by":{"jujutsucraft:zenin_maki":1,"jujutsucraft:cursed_spirit_grade_25":4,"jujutsucraft:cursed_spirit_grade_01":2,"jujutsucraft:cursed_spirit_grade_36":1,"jujutsucraft:kechizu":1,"jujutsucraft:cursed_spirit_grade_38":1,"jujutsucraft:cursed_spirit_grade_35":1,"minecraft:player":7,"jujutsucraft:negi_toshihisa":2,"jujutsucraft:cursed_spirit_grade_12":2,"jujutsucraft:cursed_spirit_grade_05":8,"jujutsucraft:kumiya_juzo":1,"jujutsucraft:cursed_spirit_grade_31":1,"jujutsucraft:cursed_spirit_grade_33":2,"jujutsucraft:cursed_spirit_grade_22":7,"minecraft:pillager":1,"jujutsucraft:curse_user_1":1,"jujutsucraft:yoshino_junpei":5,"jujutsucraft:cursed_spirit_grade_317":1,"jujutsucraft:eso":8,"jujutsucraft:cursed_spirit_grade_04":5,"jujutsucraft:itadori_yuji_shibuya":1,"jujutsucraft:cursed_spirit_grade_34":1,"jujutsucraft:cursed_spirit_grade_32":1}},"DataVersion":3465}