{"stats":{"minecraft:picked_up":{"minecraft:spruce_sapling":1,"minecraft:dirt":11,"minecraft:arrow":1,"minecraft:rotten_flesh":3,"minecraft:acacia_planks":1,"minecraft:ender_pearl":1},"minecraft:dropped":{"minecraft:snow":1,"minecraft:rotten_flesh":3,"minecraft:arrow":1},"minecraft:used":{"minecraft:netherite_sword":15,"minecraft:netherite_axe":3,"minecraft:ender_pearl":1,"minecraft:shield":7,"minecraft:stone":109,"minecraft:spruce_sapling":1,"minecraft:totem_of_undying":1,"minecraft:dirt":11,"minecraft:snow":6,"minecraft:goat_spawn_egg":8,"minecraft:acacia_planks":99},"minecraft:killed":{"minecraft:goat":5,"minecraft:zombie":3,"minecraft:spider":1,"minecraft:enderman":1},"minecraft:custom":{"minecraft:time_since_rest":7059,"minecraft:sprint_one_cm":8028,"minecraft:walk_one_cm":24120,"minecraft:damage_taken":872,"minecraft:damage_absorbed":26,"minecraft:damage_blocked_by_shield":265,"minecraft:mob_kills":10,"minecraft:drop":5,"minecraft:damage_dealt":1902,"minecraft:fly_one_cm":71247,"minecraft:crouch_one_cm":6837,"minecraft:play_time":20369,"minecraft:deaths":2,"minecraft:sneak_time":1273,"minecraft:walk_under_water_one_cm":3027,"minecraft:jump":195,"minecraft:leave_game":1,"minecraft:walk_on_water_one_cm":2194,"minecraft:time_since_death":7020,"minecraft:total_world_time":20369,"minecraft:fall_one_cm":6522},"minecraft:mined":{"minecraft:grass_block":8,"minecraft:dirt":3,"minecraft:spruce_leaves":7,"minecraft:acacia_planks":1},"minecraft:killed_by":{"minecraft:warden":1}},"DataVersion":3465}