{"stats":{"minecraft:picked_up":{"minecraft:feather":2,"minecraft:chicken":1,"jujutsucraft:uniform_normal_boots":1,"jujutsucraft:cursed_technique_changer":1,"minecraft:dirt":3,"jujutsucraft:uniform_normal_leggings":1,"minecraft:acacia_planks":1,"minecraft:cracked_stone_bricks":1,"minecraft:wheat_seeds":7,"minecraft:tall_grass":1,"minecraft:stone":3,"minecraft:acacia_log":6,"jujutsucraft:uniform_normal_chestplate":1,"minecraft:grass_block":1,"minecraft:grass":2,"minecraft:oak_sapling":1,"minecraft:black_wool":1,"minecraft:mutton":9,"minecraft:white_wool":2},"minecraft:killed":{"jujutsucraft:cursed_spirit_grade_32":3,"jujutsucraft:cursed_spirit_grade_33":12,"minecraft:salmon":11,"jujutsucraft:cursed_spirit_grade_35":2,"jujutsucraft:yoshino_junpei":1,"jujutsucraft:cursed_spirit_grade_318":5,"minecraft:sheep":3,"jujutsucraft:cursed_spirit_grade_39":5,"minecraft:pillager":4,"jujutsucraft:cursed_spirit_grade_312":2,"jujutsucraft:cursed_spirit_grade_314":1,"jujutsucraft:cursed_spirit_grade_311":1,"jujutsucraft:cursed_spirit_grade_310":1,"minecraft:chicken":5,"jujutsucraft:cursed_spirit_grade_36":1,"jujutsucraft:cursed_spirit_grade_315":2,"jujutsucraft:cursed_spirit_grade_317":4,"jujutsucraft:cursed_spirit_grade_38":4,"jujutsucraft:cursed_spirit_grade_34":9,"jujutsucraft:cursed_spirit_grade_319":2,"jujutsucraft:q":1,"minecraft:cow":2},"minecraft:used":{"jujutsucraft:mei_mei_axe":3,"jujutsucraft:uniform_normal_boots":2,"minecraft:stone":3,"minecraft:cracked_stone_bricks":1,"minecraft:white_wool":2,"minecraft:dirt":3,"jujutsucraft:uniform_normal_chestplate":2,"minecraft:black_wool":1,"minecraft:grass_block":1,"jujutsucraft:uniform_normal_leggings":2,"minecraft:acacia_planks":25},"minecraft:dropped":{"minecraft:wheat_seeds":7,"minecraft:feather":2,"minecraft:tall_grass":1,"minecraft:chicken":1,"minecraft:grass":2,"minecraft:mutton":9,"minecraft:oak_sapling":1},"minecraft:mined":{"minecraft:acacia_leaves":1,"minecraft:acacia_log":6,"minecraft:grass_block":2,"minecraft:tall_grass":1,"minecraft:grass":33},"minecraft:custom":{"minecraft:mob_kills":102,"minecraft:damage_dealt_resisted":10762,"minecraft:leave_game":1,"minecraft:time_since_death":895,"minecraft:damage_resisted":777,"minecraft:time_since_rest":920,"minecraft:sprint_one_cm":77511,"minecraft:damage_taken":22204,"minecraft:walk_one_cm":254733,"minecraft:drop":20,"minecraft:damage_dealt":498,"minecraft:swim_one_cm":4486,"minecraft:fly_one_cm":1510557,"minecraft:player_kills":7,"minecraft:open_chest":2,"minecraft:crouch_one_cm":1189,"minecraft:play_time":61097,"minecraft:deaths":66,"minecraft:sneak_time":747,"minecraft:walk_under_water_one_cm":1330,"minecraft:jump":1221,"minecraft:walk_on_water_one_cm":5067,"minecraft:total_world_time":61097,"minecraft:fall_one_cm":40390},"minecraft:crafted":{"minecraft:acacia_planks":24},"minecraft:killed_by":{"jujutsucraft:zenin_maki":1,"jujutsucraft:cursed_spirit_grade_25":4,"jujutsucraft:cursed_spirit_grade_36":1,"jujutsucraft:kechizu":1,"jujutsucraft:cursed_spirit_grade_38":1,"jujutsucraft:cursed_spirit_grade_35":1,"minecraft:player":5,"jujutsucraft:negi_toshihisa":2,"jujutsucraft:cursed_spirit_grade_12":2,"jujutsucraft:cursed_spirit_grade_05":8,"jujutsucraft:cursed_spirit_grade_31":1,"jujutsucraft:cursed_spirit_grade_33":1,"jujutsucraft:cursed_spirit_grade_22":7,"minecraft:pillager":1,"jujutsucraft:curse_user_1":1,"jujutsucraft:yoshino_junpei":5,"jujutsucraft:cursed_spirit_grade_317":1,"jujutsucraft:eso":8,"jujutsucraft:cursed_spirit_grade_04":5,"jujutsucraft:itadori_yuji_shibuya":1,"jujutsucraft:cursed_spirit_grade_34":1,"jujutsucraft:cursed_spirit_grade_32":1}},"DataVersion":3465}