{"stats":{"minecraft:picked_up":{"minecraft:spruce_sapling":1,"minecraft:dirt":11},"minecraft:custom":{"minecraft:jump":35,"minecraft:time_since_rest":3430,"minecraft:damage_taken":10,"minecraft:damage_dealt":32,"minecraft:walk_on_water_one_cm":1270,"minecraft:crouch_one_cm":2009,"minecraft:sprint_one_cm":3765,"minecraft:play_time":3430,"minecraft:time_since_death":3430,"minecraft:walk_one_cm":6069,"minecraft:sneak_time":360,"minecraft:total_world_time":3430,"minecraft:walk_under_water_one_cm":2115,"minecraft:fall_one_cm":753,"minecraft:fly_one_cm":1293},"minecraft:used":{"minecraft:dirt":11,"minecraft:acacia_planks":22,"minecraft:spruce_sapling":1},"minecraft:mined":{"minecraft:grass_block":8,"minecraft:spruce_leaves":6,"minecraft:dirt":3}},"DataVersion":3465}