{"stats":{"minecraft:picked_up":{"minecraft:feather":2,"minecraft:chicken":1,"minecraft:iron_door":1,"jujutsucraft:uniform_normal_boots":1,"jujutsucraft:cursed_technique_changer":1,"minecraft:dirt":4,"jujutsucraft:uniform_normal_leggings":1,"minecraft:acacia_planks":1,"minecraft:cracked_stone_bricks":1,"minecraft:wheat_seeds":7,"minecraft:tall_grass":1,"minecraft:stone":3,"minecraft:acacia_log":6,"minecraft:spruce_fence":1,"jujutsucraft:uniform_normal_chestplate":1,"minecraft:vine":1,"minecraft:grass_block":1,"jujutsucraft:naginata":1,"minecraft:grass":4,"minecraft:oak_sapling":1,"minecraft:black_wool":1,"minecraft:mutton":9,"minecraft:oak_leaves":1,"minecraft:white_wool":2},"minecraft:killed":{"jujutsucraft:cursed_spirit_grade_32":5,"jujutsucraft:cursed_spirit_grade_31":1,"jujutsucraft:cursed_spirit_grade_33":13,"minecraft:salmon":15,"jujutsucraft:cursed_spirit_grade_35":2,"jujutsucraft:yoshino_junpei":1,"jujutsucraft:cursed_spirit_grade_318":5,"minecraft:squid":4,"minecraft:sheep":4,"jujutsucraft:cursed_spirit_grade_39":6,"minecraft:pillager":4,"jujutsucraft:cursed_spirit_grade_312":2,"jujutsucraft:cursed_spirit_grade_314":2,"jujutsucraft:cursed_spirit_grade_311":2,"jujutsucraft:cursed_spirit_grade_310":1,"minecraft:chicken":5,"jujutsucraft:cursed_spirit_grade_36":1,"jujutsucraft:cursed_spirit_grade_315":2,"jujutsucraft:cursed_spirit_grade_317":6,"jujutsucraft:cursed_spirit_grade_38":4,"jujutsucraft:cursed_spirit_grade_34":13,"jujutsucraft:cursed_spirit_grade_319":5,"jujutsucraft:q":1,"minecraft:cow":2,"jujutsucraft:ogami":1},"minecraft:used":{"jujutsucraft:mei_mei_axe":3,"jujutsucraft:uniform_normal_boots":2,"minecraft:stone":3,"minecraft:cracked_stone_bricks":1,"minecraft:white_wool":2,"minecraft:dirt":4,"minecraft:spruce_fence":1,"jujutsucraft:uniform_normal_chestplate":2,"minecraft:black_wool":1,"minecraft:grass_block":1,"jujutsucraft:dragon_bone":4,"jujutsucraft:uniform_normal_leggings":2,"minecraft:acacia_planks":25},"minecraft:dropped":{"minecraft:wheat_seeds":7,"minecraft:feather":2,"minecraft:tall_grass":1,"minecraft:chicken":1,"minecraft:grass":3,"minecraft:mutton":9,"minecraft:iron_door":1,"minecraft:oak_sapling":1,"jujutsucraft:mei_mei_axe":1},"minecraft:mined":{"minecraft:acacia_leaves":1,"minecraft:acacia_log":6,"minecraft:grass_block":2,"minecraft:decorated_pot":1,"minecraft:tall_grass":2,"minecraft:grass":35,"minecraft:oak_leaves":1},"minecraft:custom":{"minecraft:interact_with_smithing_table":1,"minecraft:interact_with_anvil":1,"minecraft:mob_kills":132,"minecraft:interact_with_crafting_table":1,"minecraft:open_barrel":12,"minecraft:damage_dealt_resisted":12663,"minecraft:interact_with_stonecutter":1,"minecraft:leave_game":1,"minecraft:time_since_death":2202,"minecraft:climb_one_cm":92,"minecraft:damage_resisted":1234,"minecraft:time_since_rest":2241,"minecraft:sprint_one_cm":111140,"minecraft:damage_taken":24046,"minecraft:walk_one_cm":305558,"minecraft:drop":23,"minecraft:damage_dealt":553,"minecraft:swim_one_cm":17058,"minecraft:fly_one_cm":1699989,"minecraft:player_kills":8,"minecraft:open_chest":4,"minecraft:crouch_one_cm":1707,"minecraft:play_time":73097,"minecraft:deaths":69,"minecraft:sneak_time":905,"minecraft:walk_under_water_one_cm":2760,"minecraft:jump":1402,"minecraft:walk_on_water_one_cm":20523,"minecraft:total_world_time":73097,"minecraft:fall_one_cm":53957},"minecraft:crafted":{"minecraft:acacia_planks":24},"minecraft:killed_by":{"jujutsucraft:zenin_maki":1,"jujutsucraft:cursed_spirit_grade_25":4,"jujutsucraft:cursed_spirit_grade_36":1,"jujutsucraft:kechizu":1,"jujutsucraft:cursed_spirit_grade_38":1,"jujutsucraft:cursed_spirit_grade_35":1,"minecraft:player":6,"jujutsucraft:negi_toshihisa":2,"jujutsucraft:cursed_spirit_grade_12":2,"jujutsucraft:cursed_spirit_grade_05":8,"jujutsucraft:kumiya_juzo":1,"jujutsucraft:cursed_spirit_grade_31":1,"jujutsucraft:cursed_spirit_grade_33":2,"jujutsucraft:cursed_spirit_grade_22":7,"minecraft:pillager":1,"jujutsucraft:curse_user_1":1,"jujutsucraft:yoshino_junpei":5,"jujutsucraft:cursed_spirit_grade_317":1,"jujutsucraft:eso":8,"jujutsucraft:cursed_spirit_grade_04":5,"jujutsucraft:itadori_yuji_shibuya":1,"jujutsucraft:cursed_spirit_grade_34":1,"jujutsucraft:cursed_spirit_grade_32":1}},"DataVersion":3465}