{"stats":{"minecraft:picked_up":{"minecraft:spruce_sapling":1,"minecraft:spruce_log":3,"minecraft:dirt":11,"minecraft:arrow":1,"minecraft:rotten_flesh":3,"minecraft:acacia_planks":1,"minecraft:ender_pearl":1},"minecraft:dropped":{"minecraft:snow":1,"minecraft:rotten_flesh":3,"minecraft:arrow":1},"minecraft:used":{"minecraft:netherite_sword":15,"minecraft:netherite_axe":3,"minecraft:spruce_planks":12,"minecraft:ender_pearl":1,"minecraft:shield":7,"minecraft:stone":109,"minecraft:spruce_sapling":1,"minecraft:totem_of_undying":1,"minecraft:dirt":11,"minecraft:snow":6,"minecraft:goat_spawn_egg":8,"minecraft:acacia_planks":99},"minecraft:killed":{"minecraft:goat":5,"minecraft:zombie":3,"minecraft:spider":1,"minecraft:enderman":1},"minecraft:crafted":{"minecraft:spruce_planks":12},"minecraft:custom":{"minecraft:time_since_rest":12730,"minecraft:sprint_one_cm":8264,"minecraft:walk_one_cm":24575,"minecraft:damage_taken":982,"minecraft:damage_absorbed":26,"minecraft:damage_blocked_by_shield":265,"minecraft:mob_kills":10,"minecraft:drop":5,"minecraft:damage_dealt":1902,"minecraft:fly_one_cm":71595,"minecraft:crouch_one_cm":7144,"minecraft:play_time":26040,"minecraft:deaths":2,"minecraft:sneak_time":1562,"minecraft:walk_under_water_one_cm":3027,"minecraft:jump":226,"minecraft:leave_game":2,"minecraft:walk_on_water_one_cm":2194,"minecraft:time_since_death":12691,"minecraft:total_world_time":26040,"minecraft:fall_one_cm":8051},"minecraft:mined":{"minecraft:spruce_log":3,"minecraft:grass_block":8,"minecraft:dirt":3,"minecraft:spruce_leaves":7,"minecraft:acacia_planks":1},"minecraft:killed_by":{"minecraft:warden":1}},"DataVersion":3465}