{"stats":{"minecraft:picked_up":{"minecraft:chicken":1,"minecraft:iron_door":1,"minecraft:acacia_log":2,"minecraft:grass_block":1,"minecraft:dirt":5,"jujutsucraft:mei_mei_axe":2,"minecraft:grass":2,"minecraft:oak_sapling":1,"minecraft:mutton":3},"minecraft:killed":{"jujutsucraft:cursed_spirit_grade_32":3,"jujutsucraft:cursed_spirit_grade_39":3,"jujutsucraft:cursed_spirit_grade_31":1,"jujutsucraft:cursed_spirit_grade_33":6,"jujutsucraft:cursed_spirit_grade_314":3,"jujutsucraft:crow":1,"jujutsucraft:cursed_spirit_grade_311":3,"minecraft:salmon":27,"jujutsucraft:cursed_spirit_grade_315":1,"jujutsucraft:curse_user_1":2,"jujutsucraft:cursed_spirit_grade_317":3,"jujutsucraft:cursed_spirit_grade_34":2,"jujutsucraft:cursed_spirit_grade_319":1,"minecraft:squid":5,"jujutsucraft:q":1},"minecraft:used":{"minecraft:acacia_log":1,"minecraft:grass_block":1,"jujutsucraft:uniform_gojo_helmet":1,"jujutsucraft:uniform_normal_boots":1,"minecraft:iron_door":1,"minecraft:grass":1,"jujutsucraft:uniform_gojo_leggings":1,"minecraft:dirt":5,"jujutsucraft:uniform_gojo_boots":1,"jujutsucraft:uniform_normal_leggings":1,"minecraft:oak_sapling":1,"minecraft:acacia_planks":4,"jujutsucraft:uniform_normal_chestplate":1,"jujutsucraft:uniform_gojo_chestplate":1},"minecraft:dropped":{"jujutsucraft:mei_mei_axe":1},"minecraft:mined":{"minecraft:grass":2,"minecraft:acacia_log":1,"minecraft:grass_block":1,"minecraft:dirt":2},"minecraft:custom":{"minecraft:time_since_rest":2206,"minecraft:sprint_one_cm":49702,"minecraft:damage_taken":15508,"minecraft:walk_one_cm":215887,"minecraft:mob_kills":75,"minecraft:drop":1,"minecraft:damage_dealt":75,"minecraft:swim_one_cm":6471,"minecraft:fly_one_cm":923956,"minecraft:player_kills":6,"minecraft:open_barrel":6,"minecraft:open_chest":1,"minecraft:crouch_one_cm":3763,"minecraft:play_time":42370,"minecraft:deaths":40,"minecraft:sneak_time":570,"minecraft:walk_under_water_one_cm":5288,"minecraft:jump":594,"minecraft:damage_dealt_resisted":4234,"minecraft:walk_on_water_one_cm":20813,"minecraft:time_since_death":2173,"minecraft:climb_one_cm":395,"minecraft:damage_resisted":196,"minecraft:total_world_time":42370,"minecraft:fall_one_cm":25503},"minecraft:crafted":{"minecraft:acacia_planks":4},"minecraft:killed_by":{"jujutsucraft:yoshino_junpei":1,"jujutsucraft:kechizu":1,"minecraft:player":8,"jujutsucraft:cursed_spirit_grade_317":1,"jujutsucraft:cursed_spirit_grade_319":2,"jujutsucraft:negi_toshihisa":2,"jujutsucraft:eso":9,"jujutsucraft:cursed_spirit_grade_04":4,"jujutsucraft:cursed_spirit_grade_32":1,"jujutsucraft:cursed_spirit_grade_22":2}},"DataVersion":3465}