{"stats":{"minecraft:killed":{"jujutsucraft:cursed_spirit_grade_39":1,"jujutsucraft:cursed_spirit_grade_33":4,"jujutsucraft:cursed_spirit_grade_314":3,"jujutsucraft:cursed_spirit_grade_311":1,"jujutsucraft:cursed_spirit_grade_317":2},"minecraft:picked_up":{"minecraft:chicken":1,"minecraft:acacia_log":2,"minecraft:grass_block":1,"minecraft:dirt":2,"minecraft:grass":1,"minecraft:oak_sapling":1,"minecraft:mutton":3},"minecraft:used":{"minecraft:acacia_log":1,"minecraft:grass_block":1,"jujutsucraft:uniform_gojo_helmet":1,"jujutsucraft:uniform_normal_boots":1,"minecraft:grass":1,"jujutsucraft:uniform_gojo_leggings":1,"minecraft:dirt":2,"jujutsucraft:uniform_gojo_boots":1,"jujutsucraft:uniform_normal_leggings":1,"minecraft:oak_sapling":1,"minecraft:acacia_planks":4,"jujutsucraft:uniform_normal_chestplate":1,"jujutsucraft:uniform_gojo_chestplate":1},"minecraft:mined":{"minecraft:acacia_log":1},"minecraft:custom":{"minecraft:time_since_rest":595,"minecraft:sprint_one_cm":30628,"minecraft:damage_taken":12558,"minecraft:walk_one_cm":142246,"minecraft:mob_kills":23,"minecraft:damage_dealt":63,"minecraft:fly_one_cm":644989,"minecraft:player_kills":5,"minecraft:open_chest":1,"minecraft:crouch_one_cm":3445,"minecraft:play_time":30370,"minecraft:deaths":34,"minecraft:sneak_time":415,"minecraft:jump":375,"minecraft:damage_dealt_resisted":1442,"minecraft:walk_on_water_one_cm":1792,"minecraft:time_since_death":557,"minecraft:total_world_time":30370,"minecraft:fall_one_cm":13001},"minecraft:crafted":{"minecraft:acacia_planks":4},"minecraft:killed_by":{"jujutsucraft:yoshino_junpei":1,"jujutsucraft:kechizu":1,"minecraft:player":7,"jujutsucraft:cursed_spirit_grade_319":2,"jujutsucraft:negi_toshihisa":2,"jujutsucraft:eso":8,"jujutsucraft:cursed_spirit_grade_04":4,"jujutsucraft:cursed_spirit_grade_32":1,"jujutsucraft:cursed_spirit_grade_22":2}},"DataVersion":3465}