{"stats":{"minecraft:picked_up":{"minecraft:grass":1,"minecraft:chicken":1,"minecraft:dirt":1},"minecraft:custom":{"minecraft:jump":16,"minecraft:time_since_rest":1947,"minecraft:sprint_one_cm":1091,"minecraft:crouch_one_cm":110,"minecraft:walk_on_water_one_cm":791,"minecraft:deaths":5,"minecraft:play_time":6370,"minecraft:damage_taken":1149,"minecraft:time_since_death":1909,"minecraft:walk_one_cm":7300,"minecraft:sneak_time":55,"minecraft:total_world_time":6370,"minecraft:fly_one_cm":40008},"minecraft:killed_by":{"minecraft:player":2,"jujutsucraft:negi_toshihisa":2}},"DataVersion":3465}