{"stats":{"minecraft:killed":{"jujutsucraft:cursed_spirit_grade_33":1,"jujutsucraft:cursed_spirit_grade_311":1},"minecraft:picked_up":{"minecraft:chicken":1,"minecraft:acacia_log":2,"minecraft:grass":1,"minecraft:grass_block":1,"minecraft:oak_sapling":1,"minecraft:mutton":3,"minecraft:dirt":2},"minecraft:used":{"jujutsucraft:uniform_gojo_leggings":1,"minecraft:dirt":2,"minecraft:acacia_log":1,"jujutsucraft:uniform_gojo_boots":1,"minecraft:grass_block":1,"jujutsucraft:uniform_normal_leggings":1,"minecraft:oak_sapling":1,"jujutsucraft:uniform_gojo_helmet":1,"jujutsucraft:uniform_normal_boots":1,"minecraft:acacia_planks":4,"jujutsucraft:uniform_gojo_chestplate":1,"jujutsucraft:uniform_normal_chestplate":1,"minecraft:grass":1},"minecraft:mined":{"minecraft:acacia_log":1},"minecraft:custom":{"minecraft:time_since_rest":3617,"minecraft:crouch_one_cm":561,"minecraft:play_time":18370,"minecraft:sprint_one_cm":4296,"minecraft:walk_one_cm":71091,"minecraft:damage_taken":3614,"minecraft:deaths":10,"minecraft:sneak_time":155,"minecraft:mob_kills":2,"minecraft:damage_dealt_resisted":47,"minecraft:jump":111,"minecraft:damage_dealt":49,"minecraft:time_since_death":3586,"minecraft:walk_on_water_one_cm":791,"minecraft:total_world_time":18370,"minecraft:player_kills":2,"minecraft:fly_one_cm":211595,"minecraft:fall_one_cm":2409},"minecraft:crafted":{"minecraft:acacia_planks":4},"minecraft:killed_by":{"jujutsucraft:cursed_spirit_grade_32":1,"minecraft:player":5,"jujutsucraft:negi_toshihisa":2}},"DataVersion":3465}