{"stats":{"minecraft:picked_up":{"minecraft:chicken":2,"minecraft:iron_door":1,"minecraft:acacia_leaves":1,"jujutsucraft:cursed_technique_changer":1,"minecraft:dirt":7,"jujutsucraft:mei_mei_axe":7,"jujutsucraft:sword_miwa_kasumi":1,"minecraft:tall_grass":1,"minecraft:acacia_sapling":1,"minecraft:stone":1,"minecraft:acacia_log":2,"minecraft:gravel":4,"minecraft:grass_block":4,"jujutsucraft:clothes_fushiguro_toji_chestplate":2,"jujutsucraft:clothes_fushiguro_toji_leggings":2,"minecraft:grass":2,"minecraft:oak_sapling":1,"minecraft:mutton":3,"minecraft:oak_leaves":1,"minecraft:white_wool":1,"minecraft:cobblestone":8},"minecraft:killed":{"jujutsucraft:mimiko":1,"jujutsucraft:cursed_spirit_grade_32":3,"jujutsucraft:cursed_spirit_grade_31":1,"jujutsucraft:cursed_spirit_grade_33":11,"jujutsucraft:stevenson_screen":1,"jujutsucraft:nanako":1,"minecraft:salmon":27,"jujutsucraft:cursed_spirit_grade_35":3,"jujutsucraft:cursed_spirit_grade_316":3,"jujutsucraft:curse_user_1":4,"jujutsucraft:transfigured_human_2":1,"jujutsucraft:divine_dog_white":1,"jujutsucraft:itadori_yuji":1,"minecraft:squid":5,"jujutsucraft:cursed_spirit_grade_04":1,"jujutsucraft:cursed_spirit_grade_29":1,"jujutsucraft:cursed_spirit_grade_28":1,"jujutsucraft:cursed_spirit_grade_39":6,"jujutsucraft:cursed_spirit_grade_314":8,"jujutsucraft:cursed_spirit_grade_312":1,"jujutsucraft:cursed_spirit_grade_313":1,"jujutsucraft:cursed_spirit_grade_14":1,"jujutsucraft:crow":1,"jujutsucraft:cursed_spirit_grade_311":4,"jujutsucraft:cursed_spirit_grade_310":1,"minecraft:chicken":1,"jujutsucraft:divine_dog_black":1,"jujutsucraft:cursed_spirit_grade_16":1,"jujutsucraft:cursed_spirit_grade_36":3,"jujutsucraft:cursed_spirit_grade_317":4,"jujutsucraft:cursed_spirit_grade_315":7,"jujutsucraft:cursed_spirit_grade_38":3,"jujutsucraft:cursed_spirit_grade_34":6,"jujutsucraft:cursed_spirit_grade_319":4,"jujutsucraft:q":1,"minecraft:cow":1},"minecraft:used":{"minecraft:acacia_log":1,"jujutsucraft:uniform_normal_boots":1,"minecraft:grass":2,"minecraft:dirt":5,"jujutsucraft:uniform_gojo_boots":1,"jujutsucraft:uniform_normal_chestplate":1,"jujutsucraft:uniform_gojo_chestplate":1,"jujutsucraft:g_staff":2,"minecraft:grass_block":1,"jujutsucraft:uniform_gojo_helmet":1,"minecraft:iron_door":1,"jujutsucraft:uniform_gojo_leggings":1,"jujutsucraft:uniform_normal_leggings":1,"minecraft:tall_grass":1,"minecraft:oak_sapling":1,"minecraft:acacia_planks":4},"minecraft:dropped":{"minecraft:chicken":1,"minecraft:acacia_leaves":1,"minecraft:grass_block":2,"minecraft:stone":1,"minecraft:acacia_sapling":1,"jujutsucraft:mei_mei_axe":5,"minecraft:oak_leaves":1},"minecraft:mined":{"minecraft:acacia_log":1,"minecraft:grass_block":2,"minecraft:tall_grass":1,"minecraft:grass":3,"minecraft:dirt":2},"minecraft:custom":{"minecraft:mob_kills":138,"minecraft:open_barrel":6,"minecraft:damage_dealt_resisted":24205,"minecraft:leave_game":1,"minecraft:time_since_death":4581,"minecraft:climb_one_cm":1280,"minecraft:damage_resisted":25590,"minecraft:time_since_rest":4644,"minecraft:sprint_one_cm":115045,"minecraft:damage_taken":27663,"minecraft:walk_one_cm":459530,"minecraft:drop":12,"minecraft:damage_dealt":869,"minecraft:swim_one_cm":10436,"minecraft:fly_one_cm":1720380,"minecraft:player_kills":7,"minecraft:open_chest":1,"minecraft:crouch_one_cm":4279,"minecraft:play_time":89542,"minecraft:deaths":59,"minecraft:sneak_time":704,"minecraft:walk_under_water_one_cm":12903,"minecraft:jump":1241,"minecraft:walk_on_water_one_cm":24310,"minecraft:total_world_time":89542,"minecraft:fall_one_cm":128719},"minecraft:crafted":{"minecraft:acacia_planks":4},"minecraft:killed_by":{"jujutsucraft:cursed_spirit_grade_01":2,"jujutsucraft:sukuna_fushiguro":1,"jujutsucraft:kechizu":1,"minecraft:player":18,"jujutsucraft:negi_toshihisa":2,"jujutsucraft:uraume":1,"jujutsucraft:cursed_spirit_grade_22":2,"jujutsucraft:yoshino_junpei":1,"jujutsucraft:cursed_spirit_grade_317":1,"jujutsucraft:cursed_spirit_grade_319":2,"jujutsucraft:eso":9,"jujutsucraft:cursed_spirit_grade_04":4,"jujutsucraft:cursed_spirit_grade_32":1}},"DataVersion":3465}