{"stats":{"minecraft:picked_up":{"minecraft:chicken":1,"minecraft:iron_door":1,"minecraft:acacia_leaves":1,"jujutsucraft:cursed_technique_changer":1,"minecraft:dirt":7,"jujutsucraft:mei_mei_axe":5,"minecraft:tall_grass":1,"minecraft:stone":1,"minecraft:acacia_log":2,"minecraft:grass_block":4,"jujutsucraft:clothes_fushiguro_toji_chestplate":2,"jujutsucraft:clothes_fushiguro_toji_leggings":2,"minecraft:grass":2,"minecraft:oak_sapling":1,"minecraft:mutton":3,"minecraft:oak_leaves":1},"minecraft:killed":{"jujutsucraft:mimiko":1,"jujutsucraft:cursed_spirit_grade_32":3,"jujutsucraft:cursed_spirit_grade_31":1,"jujutsucraft:cursed_spirit_grade_33":11,"jujutsucraft:nanako":1,"minecraft:salmon":27,"jujutsucraft:cursed_spirit_grade_35":3,"jujutsucraft:cursed_spirit_grade_316":3,"jujutsucraft:curse_user_1":2,"jujutsucraft:transfigured_human_2":1,"jujutsucraft:divine_dog_white":1,"jujutsucraft:itadori_yuji":1,"minecraft:squid":5,"jujutsucraft:cursed_spirit_grade_04":1,"jujutsucraft:cursed_spirit_grade_29":1,"jujutsucraft:cursed_spirit_grade_39":6,"jujutsucraft:cursed_spirit_grade_314":7,"jujutsucraft:cursed_spirit_grade_312":1,"jujutsucraft:cursed_spirit_grade_313":1,"jujutsucraft:cursed_spirit_grade_14":1,"jujutsucraft:crow":1,"jujutsucraft:cursed_spirit_grade_311":4,"jujutsucraft:cursed_spirit_grade_310":1,"minecraft:chicken":1,"jujutsucraft:divine_dog_black":1,"jujutsucraft:cursed_spirit_grade_16":1,"jujutsucraft:cursed_spirit_grade_36":3,"jujutsucraft:cursed_spirit_grade_317":4,"jujutsucraft:cursed_spirit_grade_315":7,"jujutsucraft:cursed_spirit_grade_38":3,"jujutsucraft:cursed_spirit_grade_34":6,"jujutsucraft:cursed_spirit_grade_319":3,"jujutsucraft:q":1,"minecraft:cow":1},"minecraft:used":{"minecraft:acacia_log":1,"jujutsucraft:uniform_normal_boots":1,"minecraft:grass":2,"minecraft:dirt":5,"jujutsucraft:uniform_gojo_boots":1,"jujutsucraft:uniform_normal_chestplate":1,"jujutsucraft:uniform_gojo_chestplate":1,"jujutsucraft:g_staff":2,"minecraft:grass_block":1,"jujutsucraft:uniform_gojo_helmet":1,"minecraft:iron_door":1,"jujutsucraft:uniform_gojo_leggings":1,"jujutsucraft:uniform_normal_leggings":1,"minecraft:tall_grass":1,"minecraft:oak_sapling":1,"minecraft:acacia_planks":4},"minecraft:dropped":{"minecraft:chicken":1,"minecraft:acacia_leaves":1,"minecraft:grass_block":2,"minecraft:stone":1,"jujutsucraft:mei_mei_axe":4,"minecraft:oak_leaves":1},"minecraft:mined":{"minecraft:acacia_log":1,"minecraft:grass_block":2,"minecraft:tall_grass":1,"minecraft:grass":3,"minecraft:dirt":2},"minecraft:custom":{"minecraft:mob_kills":132,"minecraft:open_barrel":6,"minecraft:damage_dealt_resisted":20343,"minecraft:leave_game":1,"minecraft:time_since_death":1124,"minecraft:climb_one_cm":1280,"minecraft:damage_resisted":14833,"minecraft:time_since_rest":1158,"minecraft:sprint_one_cm":83634,"minecraft:damage_taken":24973,"minecraft:walk_one_cm":366965,"minecraft:drop":10,"minecraft:damage_dealt":710,"minecraft:swim_one_cm":10436,"minecraft:fly_one_cm":1533016,"minecraft:player_kills":7,"minecraft:open_chest":1,"minecraft:crouch_one_cm":4254,"minecraft:play_time":77542,"minecraft:deaths":56,"minecraft:sneak_time":660,"minecraft:walk_under_water_one_cm":12903,"minecraft:jump":1040,"minecraft:walk_on_water_one_cm":24310,"minecraft:total_world_time":77542,"minecraft:fall_one_cm":88520},"minecraft:crafted":{"minecraft:acacia_planks":4},"minecraft:killed_by":{"jujutsucraft:cursed_spirit_grade_01":2,"jujutsucraft:kechizu":1,"minecraft:player":16,"jujutsucraft:negi_toshihisa":2,"jujutsucraft:uraume":1,"jujutsucraft:cursed_spirit_grade_22":2,"jujutsucraft:yoshino_junpei":1,"jujutsucraft:cursed_spirit_grade_317":1,"jujutsucraft:cursed_spirit_grade_319":2,"jujutsucraft:eso":9,"jujutsucraft:cursed_spirit_grade_04":4,"jujutsucraft:cursed_spirit_grade_32":1}},"DataVersion":3465}