{"stats":{"minecraft:picked_up":{"minecraft:chicken":2,"minecraft:iron_door":1,"minecraft:acacia_leaves":1,"jujutsucraft:cursed_technique_changer":130,"minecraft:dirt":7,"jujutsucraft:mei_mei_axe":7,"jujutsucraft:sword_miwa_kasumi":1,"minecraft:tall_grass":1,"minecraft:acacia_sapling":1,"minecraft:stone":7,"minecraft:acacia_log":2,"minecraft:gravel":4,"minecraft:grass_block":4,"jujutsucraft:clothes_fushiguro_toji_chestplate":2,"jujutsucraft:clothes_fushiguro_toji_leggings":2,"minecraft:grass":2,"minecraft:oak_sapling":1,"minecraft:mutton":3,"minecraft:oak_leaves":1,"minecraft:white_wool":1,"minecraft:cobblestone":8},"minecraft:killed":{"jujutsucraft:mimiko":1,"jujutsucraft:kusakabe_yatsuya":2,"jujutsucraft:cursed_spirit_grade_32":6,"jujutsucraft:cursed_spirit_grade_210":4,"jujutsucraft:uraume":1,"jujutsucraft:cursed_spirit_grade_21":3,"jujutsucraft:cursed_spirit_grade_31":5,"jujutsucraft:cursed_spirit_grade_33":22,"jujutsucraft:stevenson_screen":1,"jujutsucraft:nue":1,"jujutsucraft:kukuru":1,"jujutsucraft:cursed_spirit_grade_11":1,"jujutsucraft:ice_spear_2":3,"jujutsucraft:nanako":5,"jujutsucraft:charles_bernard":2,"jujutsucraft:zenin_naobito":1,"jujutsucraft:needle":71,"jujutsucraft:doll_1":6,"jujutsucraft:liquid_metal":1,"jujutsucraft:nishimiya_momo":1,"jujutsucraft:cursed_spirit_grade_12":1,"minecraft:salmon":28,"minecraft:bat":23,"jujutsucraft:cursed_spirit_grade_35":4,"jujutsucraft:cursed_spirit_grade_03":1,"jujutsucraft:yoshino_junpei":2,"jujutsucraft:rock_fragment":2,"jujutsucraft:curse_user":1,"jujutsucraft:zenin_maki":1,"jujutsucraft:cursed_spirit_grade_26":2,"jujutsucraft:hakari_kinji":2,"jujutsucraft:cursed_spirit_grade_318":14,"jujutsucraft:cursed_spirit_grade_211":2,"jujutsucraft:cursed_spirit_grade_316":3,"jujutsucraft:curse_user_1":11,"jujutsucraft:yaga_masamichi":1,"jujutsucraft:cursed_spirit_grade_07":1,"jujutsucraft:kumiya_juzo":1,"jujutsucraft:cursed_spirit_grade_22":1,"jujutsucraft:mechamaru":2,"jujutsucraft:transfigured_human_2":1,"jujutsucraft:divine_dog_white":1,"jujutsucraft:itadori_yuji":1,"minecraft:squid":5,"jujutsucraft:zenin_naoya_cursed_spirit_1":1,"jujutsucraft:cursed_spirit_grade_04":1,"jujutsucraft:panda_gorilla":3,"jujutsucraft:cursed_spirit_grade_29":3,"jujutsucraft:cursed_spirit_grade_28":1,"jujutsucraft:cursed_spirit_grade_39":36,"jujutsucraft:fox_fire":6,"jujutsucraft:cursed_spirit_grade_314":27,"jujutsucraft:cursed_spirit_grade_312":5,"jujutsucraft:cursed_spirit_grade_313":4,"jujutsucraft:larue":1,"jujutsucraft:cursed_spirit_grade_14":3,"jujutsucraft:crow":1,"jujutsucraft:cursed_spirit_grade_311":13,"jujutsucraft:cursed_spirit_grade_310":4,"jujutsucraft:cursed_spirit_grade_13":1,"jujutsucraft:cursed_spirit_grade_15":1,"jujutsucraft:negi_toshihisa":3,"minecraft:chicken":1,"jujutsucraft:cursed_spirit_grade_18":1,"jujutsucraft:kechizu":1,"jujutsucraft:divine_dog_black":1,"jujutsucraft:cursed_spirit_grade_16":3,"jujutsucraft:cursed_spirit_grade_17":1,"jujutsucraft:cursed_spirit_grade_36":20,"jujutsucraft:cursed_spirit_grade_25":1,"jujutsucraft:cursed_spirit_grade_08":1,"jujutsucraft:panda_normal":2,"jujutsucraft:fist":4,"jujutsucraft:zenin_maki_culling_game":1,"jujutsucraft:zenin_ogi":1,"jujutsucraft:moon_dregs":1,"jujutsucraft:eso":1,"jujutsucraft:cursed_spirit_grade_212":6,"jujutsucraft:cursed_spirit_grade_317":7,"jujutsucraft:cursed_spirit_grade_315":17,"jujutsucraft:cursed_spirit_grade_38":7,"jujutsucraft:cursed_spirit_grade_34":29,"jujutsucraft:cursed_spirit_grade_319":5,"jujutsucraft:kurusu_hana":1,"jujutsucraft:transfigured_human_1":4,"jujutsucraft:kamo_noritoshi":1,"jujutsucraft:nobara_kugisaki":2,"jujutsucraft:ice_spear":8,"jujutsucraft:cursed_spirit_grade_27":2,"jujutsucraft:mei_mei":1,"jujutsucraft:q":3,"jujutsucraft:fushiguro_megumi":1,"minecraft:cow":1},"minecraft:used":{"minecraft:acacia_log":1,"jujutsucraft:uniform_normal_boots":1,"minecraft:grass":2,"minecraft:dirt":5,"jujutsucraft:uniform_gojo_boots":1,"jujutsucraft:uniform_normal_chestplate":1,"jujutsucraft:uniform_gojo_chestplate":1,"jujutsucraft:g_staff":2,"minecraft:grass_block":1,"jujutsucraft:uniform_gojo_helmet":1,"minecraft:iron_door":1,"jujutsucraft:uniform_gojo_leggings":1,"jujutsucraft:uniform_normal_leggings":1,"minecraft:tall_grass":1,"minecraft:oak_sapling":1,"minecraft:acacia_planks":4},"minecraft:dropped":{"jujutsucraft:cursed_technique_changer":1,"minecraft:chicken":1,"minecraft:acacia_leaves":1,"minecraft:grass_block":2,"minecraft:dirt":2,"minecraft:stone":1,"minecraft:acacia_sapling":1,"jujutsucraft:mei_mei_axe":5,"minecraft:oak_leaves":1},"minecraft:mined":{"minecraft:acacia_log":1,"minecraft:grass_block":2,"minecraft:tall_grass":1,"minecraft:grass":3,"minecraft:dirt":2},"minecraft:custom":{"minecraft:mob_kills":531,"minecraft:open_barrel":6,"minecraft:damage_dealt_resisted":316719,"minecraft:leave_game":2,"minecraft:time_since_death":4223,"minecraft:climb_one_cm":1280,"minecraft:damage_resisted":74939,"minecraft:time_since_rest":4327,"minecraft:sprint_one_cm":164282,"minecraft:damage_taken":40019,"minecraft:walk_one_cm":569975,"minecraft:drop":15,"minecraft:damage_dealt":1069,"minecraft:swim_one_cm":10436,"minecraft:fly_one_cm":2161244,"minecraft:player_kills":13,"minecraft:open_chest":1,"minecraft:crouch_one_cm":4345,"minecraft:play_time":117672,"minecraft:deaths":73,"minecraft:sneak_time":761,"minecraft:walk_under_water_one_cm":12903,"minecraft:jump":1810,"minecraft:walk_on_water_one_cm":24310,"minecraft:total_world_time":117672,"minecraft:fall_one_cm":225685},"minecraft:crafted":{"minecraft:acacia_planks":4},"minecraft:killed_by":{"jujutsucraft:cursed_spirit_grade_01":2,"jujutsucraft:sukuna_fushiguro":7,"jujutsucraft:kechizu":1,"minecraft:player":22,"jujutsucraft:negi_toshihisa":2,"jujutsucraft:uraume":2,"jujutsucraft:cursed_spirit_grade_22":2,"jujutsucraft:zenin_naoya_cursed_spirit_3":1,"jujutsucraft:yoshino_junpei":1,"jujutsucraft:cursed_spirit_grade_317":1,"jujutsucraft:cursed_spirit_grade_319":2,"jujutsucraft:eso":9,"jujutsucraft:cursed_spirit_grade_04":4,"jujutsucraft:cursed_spirit_grade_32":1,"jujutsucraft:geto_suguru_curse_user":1}},"DataVersion":3465}