{"stats":{"minecraft:picked_up":{"minecraft:chicken":1,"minecraft:iron_door":1,"minecraft:acacia_leaves":1,"jujutsucraft:cursed_technique_changer":1,"minecraft:dirt":6,"jujutsucraft:mei_mei_axe":5,"minecraft:tall_grass":1,"minecraft:stone":1,"minecraft:acacia_log":2,"minecraft:grass_block":3,"minecraft:grass":2,"minecraft:oak_sapling":1,"minecraft:mutton":3,"minecraft:oak_leaves":1},"minecraft:killed":{"jujutsucraft:mimiko":1,"jujutsucraft:cursed_spirit_grade_32":3,"jujutsucraft:cursed_spirit_grade_33":11,"jujutsucraft:cursed_spirit_grade_31":1,"jujutsucraft:nanako":1,"minecraft:salmon":27,"jujutsucraft:cursed_spirit_grade_35":3,"jujutsucraft:curse_user_1":2,"jujutsucraft:cursed_spirit_grade_316":2,"jujutsucraft:transfigured_human_2":1,"minecraft:squid":5,"jujutsucraft:cursed_spirit_grade_29":1,"jujutsucraft:cursed_spirit_grade_39":6,"jujutsucraft:cursed_spirit_grade_314":7,"jujutsucraft:cursed_spirit_grade_312":1,"jujutsucraft:cursed_spirit_grade_313":1,"jujutsucraft:crow":1,"jujutsucraft:cursed_spirit_grade_311":4,"minecraft:chicken":1,"jujutsucraft:cursed_spirit_grade_36":3,"jujutsucraft:cursed_spirit_grade_317":4,"jujutsucraft:cursed_spirit_grade_315":7,"jujutsucraft:cursed_spirit_grade_38":2,"jujutsucraft:cursed_spirit_grade_34":5,"jujutsucraft:cursed_spirit_grade_319":3,"jujutsucraft:q":1,"minecraft:cow":1},"minecraft:used":{"minecraft:acacia_log":1,"jujutsucraft:uniform_normal_boots":1,"minecraft:grass":2,"minecraft:dirt":5,"jujutsucraft:uniform_gojo_boots":1,"jujutsucraft:uniform_normal_chestplate":1,"jujutsucraft:uniform_gojo_chestplate":1,"jujutsucraft:g_staff":2,"minecraft:grass_block":1,"jujutsucraft:uniform_gojo_helmet":1,"minecraft:iron_door":1,"jujutsucraft:uniform_gojo_leggings":1,"minecraft:tall_grass":1,"jujutsucraft:uniform_normal_leggings":1,"minecraft:oak_sapling":1,"minecraft:acacia_planks":4},"minecraft:dropped":{"jujutsucraft:mei_mei_axe":4},"minecraft:mined":{"minecraft:acacia_log":1,"minecraft:grass_block":2,"minecraft:tall_grass":1,"minecraft:grass":3,"minecraft:dirt":2},"minecraft:custom":{"minecraft:mob_kills":122,"minecraft:open_barrel":6,"minecraft:damage_dealt_resisted":8891,"minecraft:time_since_death":4440,"minecraft:climb_one_cm":1280,"minecraft:damage_resisted":5537,"minecraft:time_since_rest":4472,"minecraft:damage_taken":19767,"minecraft:sprint_one_cm":69602,"minecraft:walk_one_cm":329565,"minecraft:drop":4,"minecraft:damage_dealt":75,"minecraft:swim_one_cm":6471,"minecraft:fly_one_cm":1256976,"minecraft:player_kills":7,"minecraft:open_chest":1,"minecraft:crouch_one_cm":4192,"minecraft:play_time":66370,"minecraft:deaths":50,"minecraft:sneak_time":639,"minecraft:walk_under_water_one_cm":5288,"minecraft:jump":897,"minecraft:walk_on_water_one_cm":20813,"minecraft:total_world_time":66370,"minecraft:fall_one_cm":59033},"minecraft:crafted":{"minecraft:acacia_planks":4},"minecraft:killed_by":{"jujutsucraft:cursed_spirit_grade_01":2,"jujutsucraft:kechizu":1,"minecraft:player":10,"jujutsucraft:negi_toshihisa":2,"jujutsucraft:uraume":1,"jujutsucraft:cursed_spirit_grade_22":2,"jujutsucraft:yoshino_junpei":1,"jujutsucraft:cursed_spirit_grade_319":2,"jujutsucraft:cursed_spirit_grade_317":1,"jujutsucraft:eso":9,"jujutsucraft:cursed_spirit_grade_04":4,"jujutsucraft:cursed_spirit_grade_32":1}},"DataVersion":3465}