{
  "jujutsucraft:jujutsu_craft_skills": {
    "criteria": {
      "jujutsu_craft_skills_0": "2024-08-17 18:27:00 +0000"
    },
    "done": true
  },
  "jujutsucraft:skill_divine_dog_totality": {
    "criteria": {
      "skill_divine_dog_totality_0": "2024-08-17 18:27:00 +0000"
    },
    "done": true
  },
  "minecraft:recipes/decorations/crafting_table": {
    "criteria": {
      "unlock_right_away": "2024-08-17 18:27:00 +0000"
    },
    "done": true
  },
  "jujutsucraft:skill_merged_beast_agito": {
    "criteria": {
      "skill_merged_beast_agito_0": "2024-08-17 18:27:00 +0000"
    },
    "done": true
  },
  "jujutsucraft:battle_advancements": {
    "criteria": {
      "battle_advancements_0": "2024-08-17 18:27:00 +0000"
    },
    "done": true
  },
  "jujutsucraft:start_jujutsu_craft": {
    "criteria": {
      "start_jujutsu_craft_0": "2024-08-17 18:27:00 +0000"
    },
    "done": true
  },
  "minecraft:adventure/adventuring_time": {
    "criteria": {
      "minecraft:savanna_plateau": "2024-08-17 18:33:38 +0000",
      "minecraft:river": "2024-08-17 18:54:17 +0000",
      "minecraft:forest": "2024-08-17 18:55:15 +0000",
      "minecraft:savanna": "2024-08-17 18:27:01 +0000"
    },
    "done": false
  },
  "minecraft:adventure/root": {
    "criteria": {
      "killed_by_something": "2024-08-17 18:27:48 +0000"
    },
    "done": true
  },
  "minecraft:recipes/transportation/mangrove_boat": {
    "criteria": {
      "in_water": "2024-08-17 18:29:16 +0000"
    },
    "done": true
  },
  "minecraft:recipes/transportation/acacia_boat": {
    "criteria": {
      "in_water": "2024-08-17 18:29:16 +0000"
    },
    "done": true
  },
  "minecraft:recipes/transportation/cherry_boat": {
    "criteria": {
      "in_water": "2024-08-17 18:29:16 +0000"
    },
    "done": true
  },
  "minecraft:recipes/transportation/bamboo_raft": {
    "criteria": {
      "in_water": "2024-08-17 18:29:16 +0000"
    },
    "done": true
  },
  "minecraft:recipes/transportation/spruce_boat": {
    "criteria": {
      "in_water": "2024-08-17 18:29:16 +0000"
    },
    "done": true
  },
  "minecraft:recipes/transportation/birch_boat": {
    "criteria": {
      "in_water": "2024-08-17 18:29:16 +0000"
    },
    "done": true
  },
  "minecraft:recipes/transportation/oak_boat": {
    "criteria": {
      "in_water": "2024-08-17 18:29:16 +0000"
    },
    "done": true
  },
  "minecraft:recipes/transportation/jungle_boat": {
    "criteria": {
      "in_water": "2024-08-17 18:29:16 +0000"
    },
    "done": true
  },
  "minecraft:recipes/transportation/dark_oak_boat": {
    "criteria": {
      "in_water": "2024-08-17 18:29:16 +0000"
    },
    "done": true
  },
  "jujutsucraft:fame_4": {
    "criteria": {
      "fame_4_0": "2024-08-17 18:29:20 +0000"
    },
    "done": true
  },
  "minecraft:recipes/food/cooked_chicken_from_campfire_cooking": {
    "criteria": {
      "has_chicken": "2024-08-17 18:30:00 +0000"
    },
    "done": true
  },
  "minecraft:recipes/food/cooked_chicken": {
    "criteria": {
      "has_chicken": "2024-08-17 18:30:00 +0000"
    },
    "done": true
  },
  "minecraft:recipes/food/cooked_chicken_from_smoking": {
    "criteria": {
      "has_chicken": "2024-08-17 18:30:00 +0000"
    },
    "done": true
  },
  "minecraft:recipes/food/cooked_mutton_from_smoking": {
    "criteria": {
      "has_mutton": "2024-08-17 18:35:20 +0000"
    },
    "done": true
  },
  "minecraft:recipes/food/cooked_mutton": {
    "criteria": {
      "has_mutton": "2024-08-17 18:35:20 +0000"
    },
    "done": true
  },
  "minecraft:recipes/food/cooked_mutton_from_campfire_cooking": {
    "criteria": {
      "has_mutton": "2024-08-17 18:35:20 +0000"
    },
    "done": true
  },
  "minecraft:recipes/decorations/chest": {
    "criteria": {
      "has_lots_of_items": "2024-08-17 18:35:20 +0000"
    },
    "done": true
  },
  "jujutsucraft:skill_gojo": {
    "criteria": {
      "skill_gojo_0": "2024-08-17 18:36:02 +0000"
    },
    "done": true
  },
  "jujutsucraft:skill_cursed_technique_lapse_blue": {
    "criteria": {
      "skill_cursed_technique_lapse_blue_0": "2024-08-17 18:36:02 +0000"
    },
    "done": true
  },
  "jujutsucraft:fame_3": {
    "criteria": {
      "fame_3_0": "2024-08-17 18:36:07 +0000"
    },
    "done": true
  },
  "jujutsucraft:advancement_insect": {
    "criteria": {
      "advancement_insect_0": "2024-08-17 18:36:16 +0000"
    },
    "done": true
  },
  "minecraft:recipes/misc/charcoal": {
    "criteria": {
      "has_log": "2024-08-17 18:36:59 +0000"
    },
    "done": true
  },
  "minecraft:recipes/building_blocks/acacia_wood": {
    "criteria": {
      "has_log": "2024-08-17 18:36:59 +0000"
    },
    "done": true
  },
  "minecraft:recipes/building_blocks/acacia_planks": {
    "criteria": {
      "has_log": "2024-08-17 18:36:59 +0000"
    },
    "done": true
  },
  "minecraft:recipes/redstone/acacia_button": {
    "criteria": {
      "has_planks": "2024-08-17 18:38:36 +0000"
    },
    "done": true
  },
  "minecraft:recipes/redstone/acacia_pressure_plate": {
    "criteria": {
      "has_planks": "2024-08-17 18:38:36 +0000"
    },
    "done": true
  },
  "minecraft:recipes/decorations/acacia_sign": {
    "criteria": {
      "has_planks": "2024-08-17 18:38:36 +0000"
    },
    "done": true
  },
  "minecraft:recipes/building_blocks/acacia_slab": {
    "criteria": {
      "has_planks": "2024-08-17 18:38:36 +0000"
    },
    "done": true
  },
  "minecraft:recipes/redstone/acacia_trapdoor": {
    "criteria": {
      "has_planks": "2024-08-17 18:38:36 +0000"
    },
    "done": true
  },
  "minecraft:recipes/misc/stick": {
    "criteria": {
      "has_planks": "2024-08-17 18:38:36 +0000"
    },
    "done": true
  },
  "minecraft:recipes/decorations/acacia_fence": {
    "criteria": {
      "has_planks": "2024-08-17 18:38:36 +0000"
    },
    "done": true
  },
  "minecraft:recipes/decorations/barrel": {
    "criteria": {
      "has_planks": "2024-08-17 18:38:36 +0000"
    },
    "done": true
  },
  "minecraft:recipes/building_blocks/acacia_stairs": {
    "criteria": {
      "has_planks": "2024-08-17 18:38:36 +0000"
    },
    "done": true
  },
  "minecraft:recipes/redstone/acacia_door": {
    "criteria": {
      "has_planks": "2024-08-17 18:38:36 +0000"
    },
    "done": true
  },
  "minecraft:recipes/redstone/acacia_fence_gate": {
    "criteria": {
      "has_planks": "2024-08-17 18:38:36 +0000"
    },
    "done": true
  },
  "jujutsucraft:reverse_cursed_technique_1": {
    "criteria": {
      "reverse_cursed_technique_1_0": "2024-08-17 18:44:08 +0000"
    },
    "done": true
  },
  "minecraft:recipes/misc/iron_nugget_from_smelting": {
    "criteria": {
      "has_iron_axe": "2024-08-17 18:57:38 +0000"
    },
    "done": true
  },
  "minecraft:recipes/misc/iron_nugget_from_blasting": {
    "criteria": {
      "has_iron_axe": "2024-08-17 18:57:38 +0000"
    },
    "done": true
  },
  "jujutsucraft:sorcerer_grade_4": {
    "criteria": {
      "sorcerer_grade_4_0": "2024-08-17 18:59:27 +0000"
    },
    "done": true
  },
  "jujutsucraft:advancement_six_eyes": {
    "criteria": {
      "advancement_six_eyes_0": "2024-08-17 19:04:37 +0000"
    },
    "done": true
  },
  "minecraft:recipes/building_blocks/stone_bricks": {
    "criteria": {
      "has_stone": "2024-08-17 19:04:51 +0000"
    },
    "done": true
  },
  "minecraft:recipes/building_blocks/stone_brick_slab_from_stone_stonecutting": {
    "criteria": {
      "has_stone": "2024-08-17 19:04:51 +0000"
    },
    "done": true
  },
  "minecraft:recipes/building_blocks/stone_brick_stairs_from_stone_stonecutting": {
    "criteria": {
      "has_stone": "2024-08-17 19:04:51 +0000"
    },
    "done": true
  },
  "minecraft:recipes/building_blocks/stone_slab_from_stone_stonecutting": {
    "criteria": {
      "has_stone": "2024-08-17 19:04:51 +0000"
    },
    "done": true
  },
  "minecraft:recipes/building_blocks/stone_bricks_from_stone_stonecutting": {
    "criteria": {
      "has_stone": "2024-08-17 19:04:51 +0000"
    },
    "done": true
  },
  "minecraft:recipes/building_blocks/stone_slab": {
    "criteria": {
      "has_stone": "2024-08-17 19:04:51 +0000"
    },
    "done": true
  },
  "minecraft:recipes/building_blocks/chiseled_stone_bricks_stone_from_stonecutting": {
    "criteria": {
      "has_stone": "2024-08-17 19:04:51 +0000"
    },
    "done": true
  },
  "minecraft:recipes/building_blocks/stone_stairs_from_stone_stonecutting": {
    "criteria": {
      "has_stone": "2024-08-17 19:04:51 +0000"
    },
    "done": true
  },
  "minecraft:recipes/redstone/stone_button": {
    "criteria": {
      "has_stone": "2024-08-17 19:04:51 +0000"
    },
    "done": true
  },
  "minecraft:recipes/decorations/stonecutter": {
    "criteria": {
      "has_stone": "2024-08-17 19:04:51 +0000"
    },
    "done": true
  },
  "minecraft:recipes/redstone/stone_pressure_plate": {
    "criteria": {
      "has_stone": "2024-08-17 19:04:51 +0000"
    },
    "done": true
  },
  "minecraft:recipes/building_blocks/smooth_stone": {
    "criteria": {
      "has_stone": "2024-08-17 19:04:51 +0000"
    },
    "done": true
  },
  "minecraft:recipes/decorations/stone_brick_walls_from_stone_stonecutting": {
    "criteria": {
      "has_stone": "2024-08-17 19:04:51 +0000"
    },
    "done": true
  },
  "minecraft:recipes/building_blocks/stone_stairs": {
    "criteria": {
      "has_stone": "2024-08-17 19:04:51 +0000"
    },
    "done": true
  },
  "jujutsucraft:fame_2": {
    "criteria": {
      "fame_2_0": "2024-08-17 19:06:07 +0000"
    },
    "done": true
  },
  "jujutsucraft:fame_1": {
    "criteria": {
      "fame_1_0": "2024-08-17 19:06:11 +0000"
    },
    "done": true
  },
  "jujutsucraft:battle_mimiko_nanako": {
    "criteria": {
      "battle_mimiko_nanako_0": "2024-08-17 19:06:14 +0000"
    },
    "done": true
  },
  "jujutsucraft:fame_special": {
    "criteria": {
      "fame_special_0": "2024-08-17 19:06:22 +0000"
    },
    "done": true
  },
  "jujutsucraft:mastery_simple_domain": {
    "criteria": {
      "mastery_simple_domain_0": "2024-08-17 19:06:44 +0000"
    },
    "done": true
  },
  "jujutsucraft:mastery_domain_expansion": {
    "criteria": {
      "mastery_domain_expansion_0": "2024-08-17 19:06:56 +0000"
    },
    "done": true
  },
  "jujutsucraft:mastery_domain_amplification": {
    "criteria": {
      "mastery_domain_amplification_0": "2024-08-17 19:07:06 +0000"
    },
    "done": true
  },
  "jujutsucraft:mastery_falling_blossom_emotion": {
    "criteria": {
      "mastery_falling_blossom_emotion_0": "2024-08-17 19:07:14 +0000"
    },
    "done": true
  },
  "jujutsucraft:reverse_cursed_technique_2": {
    "criteria": {
      "reverse_cursed_technique_2_0": "2024-08-17 19:07:55 +0000"
    },
    "done": true
  },
  "jujutsucraft:reward_weapons": {
    "criteria": {
      "reward_weapons_0": "2024-08-17 19:09:12 +0000"
    },
    "done": true
  },
  "jujutsucraft:skill_flowing_red_scale": {
    "criteria": {
      "skill_flowing_red_scale_0": "2024-08-17 19:10:29 +0000"
    },
    "done": true
  },
  "jujutsucraft:skill_mahoraga_wheel": {
    "criteria": {
      "skill_mahoraga_wheel_0": "2024-08-17 19:10:29 +0000"
    },
    "done": true
  },
  "jujutsucraft:skill_great_serpent": {
    "criteria": {
      "skill_great_serpent_0": "2024-08-17 19:10:29 +0000"
    },
    "done": true
  },
  "jujutsucraft:skill_high_speed": {
    "criteria": {
      "skill_high_speed_0": "2024-08-17 19:10:29 +0000"
    },
    "done": true
  },
  "jujutsucraft:skill_copy": {
    "criteria": {
      "skill_copy_0": "2024-08-17 19:10:29 +0000"
    },
    "done": true
  },
  "jujutsucraft:skill_flame_laser": {
    "criteria": {
      "skill_flame_laser_0": "2024-08-17 19:10:29 +0000"
    },
    "done": true
  },
  "jujutsucraft:skill_lava_waves": {
    "criteria": {
      "skill_lava_waves_0": "2024-08-17 19:10:29 +0000"
    },
    "done": true
  },
  "jujutsucraft:skill_uraume": {
    "criteria": {
      "skill_uraume_0": "2024-08-17 19:10:29 +0000"
    },
    "done": true
  },
  "jujutsucraft:skill_maximum_meteor": {
    "criteria": {
      "skill_maximum_meteor_0": "2024-08-17 19:10:29 +0000"
    },
    "done": true
  },
  "jujutsucraft:skill_piercing_ox": {
    "criteria": {
      "skill_piercing_ox_0": "2024-08-17 19:10:29 +0000"
    },
    "done": true
  },
  "jujutsucraft:skill_nanami": {
    "criteria": {
      "skill_nanami_0": "2024-08-17 19:10:29 +0000"
    },
    "done": true
  },
  "jujutsucraft:skill_max_elephant_piercing_blood": {
    "criteria": {
      "skill_max_elephant_piercing_blood_0": "2024-08-17 19:10:29 +0000"
    },
    "done": true
  },
  "jujutsucraft:skill_new_shadow_style_lv_1": {
    "criteria": {
      "skill_new_shadow_style_lv_1_0": "2024-08-17 19:10:29 +0000"
    },
    "done": true
  },
  "jujutsucraft:skill_copy_dhruv_lakdawalla": {
    "criteria": {
      "skill_copy_dhruv_lakdawalla_0": "2024-08-17 19:10:29 +0000"
    },
    "done": true
  },
  "jujutsucraft:skill_new_shadow_style_lv_2": {
    "criteria": {
      "skill_new_shadow_style_lv_2_0": "2024-08-17 19:10:29 +0000"
    },
    "done": true
  },
  "jujutsucraft:skill_new_shadow_style_lv_3": {
    "criteria": {
      "skill_new_shadow_style_lv_3_0": "2024-08-17 19:10:29 +0000"
    },
    "done": true
  },
  "jujutsucraft:skill_new_shadow_style_lv_4": {
    "criteria": {
      "skill_new_shadow_style_lv_4_0": "2024-08-17 19:10:29 +0000"
    },
    "done": true
  },
  "jujutsucraft:skill_strike_strengthening": {
    "criteria": {
      "skill_strike_strengthening_0": "2024-08-17 19:10:29 +0000"
    },
    "done": true
  },
  "jujutsucraft:skill_cleave": {
    "criteria": {
      "skill_cleave_0": "2024-08-17 19:10:29 +0000"
    },
    "done": true
  },
  "jujutsucraft:skill_toad": {
    "criteria": {
      "skill_toad_0": "2024-08-17 19:10:29 +0000"
    },
    "done": true
  },
  "jujutsucraft:skill_black_bird_manipulation": {
    "criteria": {
      "skill_black_bird_manipulation_0": "2024-08-17 19:10:29 +0000"
    },
    "done": true
  },
  "jujutsucraft:skill_new_shadow_style": {
    "criteria": {
      "skill_new_shadow_style_0": "2024-08-17 19:10:29 +0000"
    },
    "done": true
  },
  "jujutsucraft:skill_supernova": {
    "criteria": {
      "skill_supernova_0": "2024-08-17 19:10:29 +0000"
    },
    "done": true
  },
  "jujutsucraft:skill_instant_spirit_bodyof_distorted_killing": {
    "criteria": {
      "skill_instant_spirit_bodyof_distorted_killing_0": "2024-08-17 19:10:29 +0000"
    },
    "done": true
  },
  "jujutsucraft:skill_blood_manipulation": {
    "criteria": {
      "skill_blood_manipulation_0": "2024-08-17 19:10:29 +0000"
    },
    "done": true
  },
  "jujutsucraft:skill_piercing_blood": {
    "criteria": {
      "skill_piercing_blood_0": "2024-08-17 19:10:29 +0000"
    },
    "done": true
  },
  "jujutsucraft:skill_dismantle": {
    "criteria": {
      "skill_dismantle_0": "2024-08-17 19:10:29 +0000"
    },
    "done": true
  },
  "jujutsucraft:skill_garuda": {
    "criteria": {
      "skill_garuda_0": "2024-08-17 19:10:29 +0000"
    },
    "done": true
  },
  "jujutsucraft:skill_copy_takako_uro": {
    "criteria": {
      "skill_copy_takako_uro_0": "2024-08-17 19:10:29 +0000"
    },
    "done": true
  },
  "jujutsucraft:skill_dagon": {
    "criteria": {
      "skill_dagon_0": "2024-08-17 19:10:29 +0000"
    },
    "done": true
  },
  "jujutsucraft:skill_infinity": {
    "criteria": {
      "skill_infinity_0": "2024-08-17 19:10:29 +0000"
    },
    "done": true
  },
  "jujutsucraft:skill_blood_wave": {
    "criteria": {
      "skill_blood_wave_0": "2024-08-17 19:10:29 +0000"
    },
    "done": true
  },
  "jujutsucraft:skill_bathynomus_giganteus": {
    "criteria": {
      "skill_bathynomus_giganteus_0": "2024-08-17 19:10:29 +0000"
    },
    "done": true
  },
  "jujutsucraft:skill_soul_multiplicity": {
    "criteria": {
      "skill_soul_multiplicity_0": "2024-08-17 19:10:29 +0000"
    },
    "done": true
  },
  "jujutsucraft:skill_hollow_technique_purple": {
    "criteria": {
      "skill_hollow_technique_purple_0": "2024-08-17 19:10:29 +0000"
    },
    "done": true
  },
  "jujutsucraft:skill_collapse": {
    "criteria": {
      "skill_collapse_0": "2024-08-17 19:10:29 +0000"
    },
    "done": true
  },
  "jujutsucraft:skill_mahito": {
    "criteria": {
      "skill_mahito_0": "2024-08-17 19:10:29 +0000"
    },
    "done": true
  },
  "jujutsucraft:skill_hanami": {
    "criteria": {
      "skill_hanami_0": "2024-08-17 19:10:29 +0000"
    },
    "done": true
  },
  "jujutsucraft:skill_nue": {
    "criteria": {
      "skill_nue_0": "2024-08-17 19:10:29 +0000"
    },
    "done": true
  },
  "jujutsucraft:skill_nue_titan": {
    "criteria": {
      "skill_nue_titan_0": "2024-08-17 19:10:29 +0000"
    },
    "done": true
  },
  "jujutsucraft:skill_ten_shadows_technique": {
    "criteria": {
      "skill_ten_shadows_technique_0": "2024-08-17 19:10:29 +0000"
    },
    "done": true
  },
  "jujutsucraft:skill_tiger_funeral": {
    "criteria": {
      "skill_tiger_funeral_0": "2024-08-17 19:10:29 +0000"
    },
    "done": true
  },
  "jujutsucraft:skill_dismantle_cut_the_world": {
    "criteria": {
      "skill_dismantle_cut_the_world_0": "2024-08-17 19:10:29 +0000"
    },
    "done": true
  },
  "jujutsucraft:skill_sukuna": {
    "criteria": {
      "skill_sukuna_0": "2024-08-17 19:10:29 +0000"
    },
    "done": true
  },
  "jujutsucraft:skill_death_swarm": {
    "criteria": {
      "skill_death_swarm_0": "2024-08-17 19:10:29 +0000"
    },
    "done": true
  },
  "jujutsucraft:skill_divine_dogs": {
    "criteria": {
      "skill_divine_dogs_0": "2024-08-17 19:10:29 +0000"
    },
    "done": true
  },
  "jujutsucraft:skill_geto": {
    "criteria": {
      "skill_geto_0": "2024-08-17 19:10:29 +0000"
    },
    "done": true
  },
  "jujutsucraft:skill_tsukumo": {
    "criteria": {
      "skill_tsukumo_0": "2024-08-17 19:10:29 +0000"
    },
    "done": true
  },
  "jujutsucraft:skill_max_elephant": {
    "criteria": {
      "skill_max_elephant_0": "2024-08-17 19:10:29 +0000"
    },
    "done": true
  },
  "jujutsucraft:skill_round_deer": {
    "criteria": {
      "skill_round_deer_0": "2024-08-17 19:10:29 +0000"
    },
    "done": true
  },
  "jujutsucraft:skill_frost_calm": {
    "criteria": {
      "skill_frost_calm_0": "2024-08-17 19:10:29 +0000"
    },
    "done": true
  },
  "jujutsucraft:skill_curseis_lifted": {
    "criteria": {
      "skill_curseis_lifted_0": "2024-08-17 19:10:29 +0000"
    },
    "done": true
  },
  "jujutsucraft:skill_rabbit_escape": {
    "criteria": {
      "skill_rabbit_escape_0": "2024-08-17 19:10:29 +0000"
    },
    "done": true
  },
  "jujutsucraft:skill_disaster_flames": {
    "criteria": {
      "skill_disaster_flames_0": "2024-08-17 19:10:29 +0000"
    },
    "done": true
  },
  "jujutsucraft:skill_jogo": {
    "criteria": {
      "skill_jogo_0": "2024-08-17 19:10:29 +0000"
    },
    "done": true
  },
  "jujutsucraft:skill_convergence": {
    "criteria": {
      "skill_convergence_0": "2024-08-17 19:10:29 +0000"
    },
    "done": true
  },
  "jujutsucraft:skill_bird_strike": {
    "criteria": {
      "skill_bird_strike_0": "2024-08-17 19:10:29 +0000"
    },
    "done": true
  },
  "jujutsucraft:skill_cursed_technique_reversal_red": {
    "criteria": {
      "skill_cursed_technique_reversal_red_0": "2024-08-17 19:10:29 +0000"
    },
    "done": true
  },
  "jujutsucraft:skill_black_hole": {
    "criteria": {
      "skill_black_hole_0": "2024-08-17 19:10:29 +0000"
    },
    "done": true
  },
  "jujutsucraft:skill_huge_roots": {
    "criteria": {
      "skill_huge_roots_0": "2024-08-17 19:10:29 +0000"
    },
    "done": true
  },
  "jujutsucraft:skill_polymorphic_soul_isomer": {
    "criteria": {
      "skill_polymorphic_soul_isomer_0": "2024-08-17 19:10:29 +0000"
    },
    "done": true
  },
  "jujutsucraft:skill_maximum_uzumaki": {
    "criteria": {
      "skill_maximum_uzumaki_0": "2024-08-17 19:10:29 +0000"
    },
    "done": true
  },
  "jujutsucraft:skill_rika_control": {
    "criteria": {
      "skill_rika_control_0": "2024-08-17 19:10:29 +0000"
    },
    "done": true
  },
  "jujutsucraft:skill_icefall": {
    "criteria": {
      "skill_icefall_0": "2024-08-17 19:10:29 +0000"
    },
    "done": true
  },
  "jujutsucraft:skill_copy_cursed_speech": {
    "criteria": {
      "skill_copy_cursed_speech_0": "2024-08-17 19:10:29 +0000"
    },
    "done": true
  },
  "jujutsucraft:skill_explodethe_air": {
    "criteria": {
      "skill_explodethe_air_0": "2024-08-17 19:10:29 +0000"
    },
    "done": true
  },
  "jujutsucraft:skill_naoya": {
    "criteria": {
      "skill_naoya_0": "2024-08-17 19:10:29 +0000"
    },
    "done": true
  },
  "jujutsucraft:skill_garuda_soccer": {
    "criteria": {
      "skill_garuda_soccer_0": "2024-08-17 19:10:29 +0000"
    },
    "done": true
  },
  "jujutsucraft:skill_mahoraga": {
    "criteria": {
      "skill_mahoraga_0": "2024-08-17 19:10:29 +0000"
    },
    "done": true
  },
  "jujutsucraft:skill_open": {
    "criteria": {
      "skill_open_0": "2024-08-17 19:10:29 +0000"
    },
    "done": true
  },
  "jujutsucraft:sorcerer_grade_2_semi": {
    "criteria": {
      "sorcerer_grade_2_semi_0": "2024-08-17 19:11:36 +0000"
    },
    "done": true
  },
  "jujutsucraft:mastery_open_barrier_type_domain": {
    "criteria": {
      "mastery_open_barrier_type_domain_0": "2024-08-17 19:11:36 +0000"
    },
    "done": true
  },
  "jujutsucraft:sorcerer_grade_1": {
    "criteria": {
      "sorcerer_grade_1_0": "2024-08-17 19:11:36 +0000"
    },
    "done": true
  },
  "jujutsucraft:sorcerer_grade_2": {
    "criteria": {
      "sorcerer_grade_2_0": "2024-08-17 19:11:36 +0000"
    },
    "done": true
  },
  "jujutsucraft:sorcerer_grade_3": {
    "criteria": {
      "sorcerer_grade_3_0": "2024-08-17 19:11:36 +0000"
    },
    "done": true
  },
  "jujutsucraft:black_flash": {
    "criteria": {
      "black_flash_0": "2024-08-17 19:11:36 +0000"
    },
    "done": true
  },
  "jujutsucraft:observation_of_the_soul": {
    "criteria": {
      "observation_of_the_soul_0": "2024-08-17 19:11:36 +0000"
    },
    "done": true
  },
  "jujutsucraft:completely_physically_gifted": {
    "criteria": {
      "completely_physically_gifted_0": "2024-08-17 19:11:36 +0000"
    },
    "done": true
  },
  "jujutsucraft:sorcerer_grade_special": {
    "criteria": {
      "sorcerer_grade_special_0": "2024-08-17 19:11:36 +0000"
    },
    "done": true
  },
  "jujutsucraft:sorcerer_grade_1_semi": {
    "criteria": {
      "sorcerer_grade_1_semi_0": "2024-08-17 19:11:36 +0000"
    },
    "done": true
  },
  "jujutsucraft:anti_open_barrier_type_domain": {
    "criteria": {
      "anti_open_barrier_type_domain_0": "2024-08-17 19:11:36 +0000"
    },
    "done": true
  },
  "jujutsucraft:sukuna_finger_20": {
    "criteria": {
      "sukuna_finger_20_0": "2024-08-17 19:11:36 +0000"
    },
    "done": true
  },
  "jujutsucraft:sukuna_finger_10": {
    "criteria": {
      "sukuna_finger_10_0": "2024-08-17 19:11:36 +0000"
    },
    "done": true
  },
  "jujutsucraft:sukuna_finger_11": {
    "criteria": {
      "sukuna_finger_11_0": "2024-08-17 19:11:36 +0000"
    },
    "done": true
  },
  "jujutsucraft:sukuna_finger_12": {
    "criteria": {
      "sukuna_finger_12_0": "2024-08-17 19:11:36 +0000"
    },
    "done": true
  },
  "jujutsucraft:sukuna_finger_13": {
    "criteria": {
      "sukuna_finger_13_0": "2024-08-17 19:11:36 +0000"
    },
    "done": true
  },
  "jujutsucraft:sukuna_finger_14": {
    "criteria": {
      "sukuna_finger_14_0": "2024-08-17 19:11:36 +0000"
    },
    "done": true
  },
  "jujutsucraft:sukuna_finger_15": {
    "criteria": {
      "sukuna_finger_15_0": "2024-08-17 19:11:36 +0000"
    },
    "done": true
  },
  "jujutsucraft:sukuna_finger_1": {
    "criteria": {
      "sukuna_finger_1_0": "2024-08-17 19:11:36 +0000"
    },
    "done": true
  },
  "jujutsucraft:sukuna_finger_16": {
    "criteria": {
      "sukuna_finger_16_0": "2024-08-17 19:11:36 +0000"
    },
    "done": true
  },
  "jujutsucraft:sukuna_finger_2": {
    "criteria": {
      "sukuna_finger_2_0": "2024-08-17 19:11:36 +0000"
    },
    "done": true
  },
  "jujutsucraft:sukuna_finger_17": {
    "criteria": {
      "sukuna_finger_17_0": "2024-08-17 19:11:36 +0000"
    },
    "done": true
  },
  "jujutsucraft:sukuna_finger_3": {
    "criteria": {
      "sukuna_finger_3_0": "2024-08-17 19:11:36 +0000"
    },
    "done": true
  },
  "jujutsucraft:sukuna_finger_18": {
    "criteria": {
      "sukuna_finger_18_0": "2024-08-17 19:11:36 +0000"
    },
    "done": true
  },
  "jujutsucraft:sukuna_finger_4": {
    "criteria": {
      "sukuna_finger_4_0": "2024-08-17 19:11:36 +0000"
    },
    "done": true
  },
  "jujutsucraft:sukuna_finger_19": {
    "criteria": {
      "sukuna_finger_19_0": "2024-08-17 19:11:36 +0000"
    },
    "done": true
  },
  "jujutsucraft:sukuna_finger_5": {
    "criteria": {
      "sukuna_finger_5_0": "2024-08-17 19:11:36 +0000"
    },
    "done": true
  },
  "jujutsucraft:sukuna_finger_6": {
    "criteria": {
      "sukuna_finger_6_0": "2024-08-17 19:11:36 +0000"
    },
    "done": true
  },
  "jujutsucraft:sukuna_finger_7": {
    "criteria": {
      "sukuna_finger_7_0": "2024-08-17 19:11:36 +0000"
    },
    "done": true
  },
  "jujutsucraft:sukuna_finger_8": {
    "criteria": {
      "sukuna_finger_8_0": "2024-08-17 19:11:36 +0000"
    },
    "done": true
  },
  "jujutsucraft:sukuna_finger_9": {
    "criteria": {
      "sukuna_finger_9_0": "2024-08-17 19:11:36 +0000"
    },
    "done": true
  },
  "jujutsucraft:update": {
    "criteria": {
      "update_0": "2024-08-17 20:03:02 +0000"
    },
    "done": true
  },
  "jujutsucraft:battle_yuji_itadori": {
    "criteria": {
      "battle_yuji_itadori_0": "2024-08-17 19:29:02 +0000"
    },
    "done": true
  },
  "minecraft:recipes/redstone/lever": {
    "criteria": {
      "has_cobblestone": "2024-08-17 19:41:35 +0000"
    },
    "done": true
  },
  "minecraft:recipes/building_blocks/lime_concrete_powder": {
    "criteria": {
      "has_gravel": "2024-08-17 19:41:36 +0000"
    },
    "done": true
  },
  "minecraft:recipes/building_blocks/coarse_dirt": {
    "criteria": {
      "has_gravel": "2024-08-17 19:41:36 +0000"
    },
    "done": true
  },
  "minecraft:recipes/building_blocks/light_gray_concrete_powder": {
    "criteria": {
      "has_gravel": "2024-08-17 19:41:36 +0000"
    },
    "done": true
  },
  "minecraft:recipes/building_blocks/pink_concrete_powder": {
    "criteria": {
      "has_gravel": "2024-08-17 19:41:36 +0000"
    },
    "done": true
  },
  "minecraft:recipes/building_blocks/orange_concrete_powder": {
    "criteria": {
      "has_gravel": "2024-08-17 19:41:36 +0000"
    },
    "done": true
  },
  "minecraft:recipes/building_blocks/red_concrete_powder": {
    "criteria": {
      "has_gravel": "2024-08-17 19:41:36 +0000"
    },
    "done": true
  },
  "minecraft:recipes/combat/stone_sword": {
    "criteria": {
      "has_cobblestone": "2024-08-17 19:41:35 +0000"
    },
    "done": true
  },
  "minecraft:recipes/decorations/cobblestone_wall": {
    "criteria": {
      "has_cobblestone": "2024-08-17 19:41:35 +0000"
    },
    "done": true
  },
  "minecraft:recipes/tools/stone_pickaxe": {
    "criteria": {
      "has_cobblestone": "2024-08-17 19:41:35 +0000"
    },
    "done": true
  },
  "jujutsucraft:battle_jinichi_zenin": {
    "criteria": {
      "battle_jinichi_zenin_0": "2024-08-17 19:46:59 +0000"
    },
    "done": true
  },
  "jujutsucraft:battle_mechamaru": {
    "criteria": {
      "battle_mechamaru_0": "2024-08-17 19:49:43 +0000"
    },
    "done": true
  },
  "minecraft:recipes/tools/stone_axe": {
    "criteria": {
      "has_cobblestone": "2024-08-17 19:41:35 +0000"
    },
    "done": true
  },
  "minecraft:recipes/building_blocks/magenta_concrete_powder": {
    "criteria": {
      "has_gravel": "2024-08-17 19:41:36 +0000"
    },
    "done": true
  },
  "jujutsucraft:battle_cursed_spirit_grade_special_6": {
    "criteria": {
      "battle_cursed_spirit_grade_special_6_0": "2024-08-17 19:51:38 +0000"
    },
    "done": true
  },
  "minecraft:recipes/building_blocks/brown_concrete_powder": {
    "criteria": {
      "has_gravel": "2024-08-17 19:41:36 +0000"
    },
    "done": true
  },
  "minecraft:recipes/decorations/white_banner": {
    "criteria": {
      "has_white_wool": "2024-08-17 19:34:02 +0000"
    },
    "done": true
  },
  "minecraft:recipes/building_blocks/light_blue_concrete_powder": {
    "criteria": {
      "has_gravel": "2024-08-17 19:41:36 +0000"
    },
    "done": true
  },
  "jujutsucraft:battle_kinji_hakari": {
    "criteria": {
      "battle_kinji_hakari_0": "2024-08-17 19:51:18 +0000"
    },
    "done": true
  },
  "minecraft:story/mine_stone": {
    "criteria": {
      "get_stone": "2024-08-17 19:41:35 +0000"
    },
    "done": true
  },
  "minecraft:recipes/decorations/furnace": {
    "criteria": {
      "has_cobblestone": "2024-08-17 19:41:35 +0000"
    },
    "done": true
  },
  "minecraft:recipes/building_blocks/green_concrete_powder": {
    "criteria": {
      "has_gravel": "2024-08-17 19:41:36 +0000"
    },
    "done": true
  },
  "jujutsucraft:battle_cursed_spirit_grade_special_16": {
    "criteria": {
      "battle_cursed_spirit_grade_special_16_0": "2024-08-17 19:32:03 +0000"
    },
    "done": true
  },
  "jujutsucraft:battle_cursed_spirit_grade_special_15": {
    "criteria": {
      "battle_cursed_spirit_grade_special_15_0": "2024-08-17 19:38:32 +0000"
    },
    "done": true
  },
  "jujutsucraft:battle_yorozu": {
    "criteria": {
      "battle_yorozu_0": "2024-08-17 19:50:43 +0000"
    },
    "done": true
  },
  "minecraft:recipes/decorations/painting": {
    "criteria": {
      "has_wool": "2024-08-17 19:34:02 +0000"
    },
    "done": true
  },
  "minecraft:recipes/building_blocks/blue_concrete_powder": {
    "criteria": {
      "has_gravel": "2024-08-17 19:41:36 +0000"
    },
    "done": true
  },
  "jujutsucraft:battle_ogi_zenin": {
    "criteria": {
      "battle_ogi_zenin_0": "2024-08-17 19:50:00 +0000"
    },
    "done": true
  },
  "jujutsucraft:battle_toshihisa_negi": {
    "criteria": {
      "battle_toshihisa_negi_0": "2024-08-17 19:49:43 +0000"
    },
    "done": true
  },
  "jujutsucraft:battle_megumi_fushiguro": {
    "criteria": {
      "battle_megumi_fushiguro_0": "2024-08-17 19:50:06 +0000"
    },
    "done": true
  },
  "jujutsucraft:battle_mahito": {
    "criteria": {
      "battle_mahito_0": "2024-08-17 19:34:30 +0000"
    },
    "done": true
  },
  "jujutsucraft:battle_panda": {
    "criteria": {
      "battle_panda_0": "2024-08-17 19:50:06 +0000"
    },
    "done": true
  },
  "minecraft:recipes/building_blocks/yellow_concrete_powder": {
    "criteria": {
      "has_gravel": "2024-08-17 19:41:36 +0000"
    },
    "done": true
  },
  "jujutsucraft:battle_masamichi_yaga": {
    "criteria": {
      "battle_masamichi_yaga_0": "2024-08-17 19:50:27 +0000"
    },
    "done": true
  },
  "minecraft:recipes/building_blocks/cobblestone_slab": {
    "criteria": {
      "has_cobblestone": "2024-08-17 19:41:35 +0000"
    },
    "done": true
  },
  "minecraft:recipes/building_blocks/cobblestone_slab_from_cobblestone_stonecutting": {
    "criteria": {
      "has_cobblestone": "2024-08-17 19:41:35 +0000"
    },
    "done": true
  },
  "jujutsucraft:battle_atsuya_kusakabe": {
    "criteria": {
      "battle_atsuya_kusakabe_0": "2024-08-17 19:51:21 +0000"
    },
    "done": true
  },
  "minecraft:recipes/building_blocks/white_concrete_powder": {
    "criteria": {
      "has_gravel": "2024-08-17 19:41:36 +0000"
    },
    "done": true
  },
  "jujutsucraft:battle_aoi_todo": {
    "criteria": {
      "battle_aoi_todo_0": "2024-08-17 19:50:42 +0000"
    },
    "done": true
  },
  "minecraft:recipes/building_blocks/gray_concrete_powder": {
    "criteria": {
      "has_gravel": "2024-08-17 19:41:36 +0000"
    },
    "done": true
  },
  "jujutsucraft:battle_yuji_itadori_shibuya": {
    "criteria": {
      "battle_yuji_itadori_shibuya_0": "2024-08-17 19:47:01 +0000"
    },
    "done": true
  },
  "minecraft:recipes/building_blocks/black_concrete_powder": {
    "criteria": {
      "has_gravel": "2024-08-17 19:41:36 +0000"
    },
    "done": true
  },
  "minecraft:recipes/building_blocks/stone": {
    "criteria": {
      "has_cobblestone": "2024-08-17 19:41:35 +0000"
    },
    "done": true
  },
  "minecraft:recipes/decorations/cobblestone_wall_from_cobblestone_stonecutting": {
    "criteria": {
      "has_cobblestone": "2024-08-17 19:41:35 +0000"
    },
    "done": true
  },
  "minecraft:recipes/building_blocks/cobblestone_stairs_from_cobblestone_stonecutting": {
    "criteria": {
      "has_cobblestone": "2024-08-17 19:41:35 +0000"
    },
    "done": true
  },
  "minecraft:recipes/decorations/white_bed": {
    "criteria": {
      "has_white_wool": "2024-08-17 19:34:02 +0000"
    },
    "done": true
  },
  "minecraft:recipes/building_blocks/cobblestone_stairs": {
    "criteria": {
      "has_cobblestone": "2024-08-17 19:41:35 +0000"
    },
    "done": true
  },
  "minecraft:recipes/building_blocks/purple_concrete_powder": {
    "criteria": {
      "has_gravel": "2024-08-17 19:41:36 +0000"
    },
    "done": true
  },
  "minecraft:recipes/tools/stone_hoe": {
    "criteria": {
      "has_cobblestone": "2024-08-17 19:41:35 +0000"
    },
    "done": true
  },
  "minecraft:recipes/decorations/white_carpet": {
    "criteria": {
      "has_white_wool": "2024-08-17 19:34:02 +0000"
    },
    "done": true
  },
  "minecraft:recipes/building_blocks/cyan_concrete_powder": {
    "criteria": {
      "has_gravel": "2024-08-17 19:41:36 +0000"
    },
    "done": true
  },
  "minecraft:recipes/tools/stone_shovel": {
    "criteria": {
      "has_cobblestone": "2024-08-17 19:41:35 +0000"
    },
    "done": true
  },
  "jujutsucraft:battle_toge_inumaki": {
    "criteria": {
      "battle_toge_inumaki_0": "2024-08-17 19:48:48 +0000"
    },
    "done": true
  },
  "DataVersion": 3465
}